id,english,翻译结果,数据类型
1,COIN MULTIPLIER:,,"GAMEPLAY, MAIN MENU, POPUPS"
2,COIN MULTIPLIER LOST,金币倍率重置,"GAMEPLAY, MAIN MENU, POPUPS"
3,LOADING...,载入中…,"GAMEPLAY, MAIN MENU, POPUPS"
4,THE LOCAL SAVE DATA DOES NOT,本地存档与STEAM CLOUD存档不一致,"GAMEPLAY, MAIN MENU, POPUPS"
5,MATCH THE STEAM CLOUD SAVE.,NULL,"GAMEPLAY, MAIN MENU, POPUPS"
6,WHICH VERSION WOULD YOU LIKE TO KEEP?,你想要保留哪个存档？,"GAMEPLAY, MAIN MENU, POPUPS"
7,USE CLOUD SAVE,使用云端存档,"GAMEPLAY, MAIN MENU, POPUPS"
8,USE LOCAL SAVE,使用本地存档,"GAMEPLAY, MAIN MENU, POPUPS"
9,BEAT SKIPPED,,"GAMEPLAY, MAIN MENU, POPUPS"
10,WOULD YOU LIKE TO ENABLE,你想要在大厅中开启,"GAMEPLAY, MAIN MENU, POPUPS"
11,FAST MOVEMENT MODE IN THE LOBBY?,快速移动吗？,"GAMEPLAY, MAIN MENU, POPUPS"
12,YOU DIED! PRESS,你死了！按,"GAMEPLAY, MAIN MENU, POPUPS"
13,TO CONTINUE.,继续,"GAMEPLAY, MAIN MENU, POPUPS"
14,SONG ENDED!,音乐结束！,"GAMEPLAY, MAIN MENU, POPUPS"
15,NEXT LEVEL,下一关,"GAMEPLAY, MAIN MENU, POPUPS"
16,"Submitting scores, please wait...",上传得分中，请稍候…,"GAMEPLAY, MAIN MENU, POPUPS"
17,to skip,跳过,"GAMEPLAY, MAIN MENU, POPUPS"
18,SHOWING REPLAY! PRESS RIGHT OR LEFT TO ALTER PLAYBACK SPEED.,正在播放重放！使用 左右 键控制播放速度,"GAMEPLAY, MAIN MENU, POPUPS"
19,WIN COUNT:,,"GAMEPLAY, MAIN MENU, POPUPS"
20,SEEDED,,"GAMEPLAY, MAIN MENU, POPUPS"
21,SPEEDRUN:,,"GAMEPLAY, MAIN MENU, POPUPS"
22,LEVEL: LOBBY,,"GAMEPLAY, MAIN MENU, POPUPS"
23,ZONE:,,"GAMEPLAY, MAIN MENU, POPUPS"
24,LEVEL: BOSS,,"GAMEPLAY, MAIN MENU, POPUPS"
25,LEVEL:,,"GAMEPLAY, MAIN MENU, POPUPS"
26,Undo all previous cleaning and add,恢复掉落库,"GAMEPLAY, MAIN MENU, POPUPS"
27,items back into the item pool?,将所有物品重新加入掉落库,"GAMEPLAY, MAIN MENU, POPUPS"
28,You'll lose your unspent diamonds,如果现在重新开始,"GAMEPLAY, MAIN MENU, POPUPS"
29,if you restart. Would you like,所有未花费的钻石会被清空,"GAMEPLAY, MAIN MENU, POPUPS"
30,To Visit the lobby And spend them?,要去大厅把它们花完吗？,"GAMEPLAY, MAIN MENU, POPUPS"
31,"Visit lobby, spend diamonds",返回大厅,"GAMEPLAY, MAIN MENU, POPUPS"
32,Quick Restart,重新开始,"GAMEPLAY, MAIN MENU, POPUPS"
33,You'll lose your progress,如果现在重新开始,"GAMEPLAY, MAIN MENU, POPUPS"
34,if you restart. Restart anyway?,你的进度将会丢失,"GAMEPLAY, MAIN MENU, POPUPS"
35,Submit score for this run?,上传这次挑战的得分？,"GAMEPLAY, MAIN MENU, POPUPS"
36,is now available,可用,"GAMEPLAY, MAIN MENU, POPUPS"
37,to practice with via the,去大厅找怪物领主练练手吧,"GAMEPLAY, MAIN MENU, POPUPS"
38,bossmaster in the lobby,NULL,"GAMEPLAY, MAIN MENU, POPUPS"
39,"You've unlocked Melody,",你解锁了Melody，Cadence的母亲！,"GAMEPLAY, MAIN MENU, POPUPS"
40,Cadence's mother!,NULL,"GAMEPLAY, MAIN MENU, POPUPS"
41,Continue the story,续写故事，解开所有的谜题！,"GAMEPLAY, MAIN MENU, POPUPS"
42,and solve the mystery!,NULL,"GAMEPLAY, MAIN MENU, POPUPS"
43,You've unlocked,你解锁了,"GAMEPLAY, MAIN MENU, POPUPS"
44,Use the 'character select',NULL,"GAMEPLAY, MAIN MENU, POPUPS"
45,staircase in the lobby,用 角色选择 楼梯可以更换角色,"GAMEPLAY, MAIN MENU, POPUPS"
46,TO TRY THIS CHARACTER!,NULL,"GAMEPLAY, MAIN MENU, POPUPS"
47,COST:,,"GAMEPLAY, MAIN MENU, POPUPS"
48,COINS,,"GAMEPLAY, MAIN MENU, POPUPS"
49,USE ALL WALLS TO YOUR ADVANTAGE!,,"GAMEPLAY, MAIN MENU, POPUPS"
50,Tutorial,教程,"GAMEPLAY, MAIN MENU, POPUPS"
51,Zone 1,区域1,"GAMEPLAY, MAIN MENU, POPUPS"
52,Zone 2,区域2,"GAMEPLAY, MAIN MENU, POPUPS"
53,Zone 3,区域3,"GAMEPLAY, MAIN MENU, POPUPS"
54,Zone 4,区域4,"GAMEPLAY, MAIN MENU, POPUPS"
55,SELECT,选择,"GAMEPLAY, MAIN MENU, POPUPS"
56,CHARACTER,角色,"GAMEPLAY, MAIN MENU, POPUPS"
57,ALL ZONES,全区域,"GAMEPLAY, MAIN MENU, POPUPS"
58,MODE,模式,"GAMEPLAY, MAIN MENU, POPUPS"
59,DANCE PAD,跳舞毯模式,"GAMEPLAY, MAIN MENU, POPUPS"
60,MODE (EASIER),（简单模式）,"GAMEPLAY, MAIN MENU, POPUPS"
61,ALL ZONES MODE,全区域模式,"GAMEPLAY, MAIN MENU, POPUPS"
62,(SEEDED),（使用种子）,"GAMEPLAY, MAIN MENU, POPUPS"
63,LEVEL EDITOR,关卡编辑器,"GAMEPLAY, MAIN MENU, POPUPS"
64,Daily Challenge,每日挑战,"GAMEPLAY, MAIN MENU, POPUPS"
65,LOCAL CO-OP,本地合作,"GAMEPLAY, MAIN MENU, POPUPS"
66,SINGLE PLAYER,单人模式,"GAMEPLAY, MAIN MENU, POPUPS"
67,Zone 1 completed. Zone 2 unlocked!,解锁条件：完成区域1,"GAMEPLAY, MAIN MENU, POPUPS"
68,Zone 2 completed. Zone 3 unlocked!,解锁条件：完成区域2,"GAMEPLAY, MAIN MENU, POPUPS"
69,Zone 3 completed. Zone 4 unlocked!,解锁条件：完成区域3,"GAMEPLAY, MAIN MENU, POPUPS"
70,Zone 4 completed. Zone 3 unlocked!,解锁条件：完成区域4,"GAMEPLAY, MAIN MENU, POPUPS"
71,Zone 3 completed. Zone 2 unlocked!,解锁条件：完成区域3,"GAMEPLAY, MAIN MENU, POPUPS"
72,Zone 2 completed. Zone 1 unlocked!,解锁条件：完成区域2,"GAMEPLAY, MAIN MENU, POPUPS"
73,DUNGEON MASTER,地下城大师,"GAMEPLAY, MAIN MENU, POPUPS"
74,FIND ME IN ZONE 1!,解锁条件：在区域1找到我,"GAMEPLAY, MAIN MENU, POPUPS"
75,These items will show up in chests!,这些物品将会加入你的掉落库,"GAMEPLAY, MAIN MENU, POPUPS"
76,BEASTMASTER,驯兽师,"GAMEPLAY, MAIN MENU, POPUPS"
77,BOSSMASTER,怪物领主,"GAMEPLAY, MAIN MENU, POPUPS"
78,I'll let you train against bosses!,挑个boss来做你的陪练吧,"GAMEPLAY, MAIN MENU, POPUPS"
79,Minibosses,,"GAMEPLAY, MAIN MENU, POPUPS"
80,Bosses,,"GAMEPLAY, MAIN MENU, POPUPS"
81,WEAPONMASTER,武器大师,"GAMEPLAY, MAIN MENU, POPUPS"
82,SEARCH ZONE 2!,解锁条件：搜索区域2,"GAMEPLAY, MAIN MENU, POPUPS"
83,I'll let you switch weapons for training!,,"GAMEPLAY, MAIN MENU, POPUPS"
84,BASE,基本,"GAMEPLAY, MAIN MENU, POPUPS"
85,GOLD,黄金,"GAMEPLAY, MAIN MENU, POPUPS"
86,GLASS,玻璃,"GAMEPLAY, MAIN MENU, POPUPS"
87,BLOOD,鲜血,"GAMEPLAY, MAIN MENU, POPUPS"
88,OBSIDIAN,黑曜石,"GAMEPLAY, MAIN MENU, POPUPS"
89,TITANIUM,钛金,"GAMEPLAY, MAIN MENU, POPUPS"
90,CODEX,法典,"GAMEPLAY, MAIN MENU, POPUPS"
91,MASTER ADVANCED TECHNIQUES!,学习更高级的技巧,"GAMEPLAY, MAIN MENU, POPUPS"
92,DRAGON LORE,龙的传说,"GAMEPLAY, MAIN MENU, POPUPS"
93,TRAP LORE,陷阱大师,"GAMEPLAY, MAIN MENU, POPUPS"
94,BOMB LORE,爆炸大师,"GAMEPLAY, MAIN MENU, POPUPS"
95,HOW TO GET AWAY,如何不在地下城,"GAMEPLAY, MAIN MENU, POPUPS"
96,WITH MURDER,被干掉,"GAMEPLAY, MAIN MENU, POPUPS"
97,JANITOR,看门人,"GAMEPLAY, MAIN MENU, POPUPS"
98,REMOVE items from the,将物品从下一次挑战中移除？,"GAMEPLAY, MAIN MENU, POPUPS"
99,(NON-ALL ZONES) item pool?,（不包括全区域挑战）,"GAMEPLAY, MAIN MENU, POPUPS"
100,DIAMOND DEALER,钻石商人,"GAMEPLAY, MAIN MENU, POPUPS"
101,FIND ME IN ZONE 2!,解锁条件：在区域2找到我,"GAMEPLAY, MAIN MENU, POPUPS"
102,Take these on your,,"GAMEPLAY, MAIN MENU, POPUPS"
103,NEXT (NON-ALL ZONES) run!,,"GAMEPLAY, MAIN MENU, POPUPS"
104,RANDOM,随机人物模式,"GAMEPLAY, MAIN MENU, POPUPS"
105,CHARACTER,NULL,"GAMEPLAY, MAIN MENU, POPUPS"
106,ALL CHARS,全角色模式,"GAMEPLAY, MAIN MENU, POPUPS"
107,(EXCEPT CODA),(CODA除外),"GAMEPLAY, MAIN MENU, POPUPS"
108,DEATHLESS,不朽模式,"GAMEPLAY, MAIN MENU, POPUPS"
109,MODE,NULL,"GAMEPLAY, MAIN MENU, POPUPS"
110,STORY,故事模式,"GAMEPLAY, MAIN MENU, POPUPS"
111,MODE,NULL,"GAMEPLAY, MAIN MENU, POPUPS"
112,CADENCE AND BARD ARE UNLOCKED BY DEFAULT!,CADENCE和BARD默认已解锁,"GAMEPLAY, MAIN MENU, POPUPS"
113,STEP ON A LOCKED STAIRCASE TO LEARN HOW TO UNLOCK THE OTHER CHARACTERS,移动到被锁定的楼梯查看如何解锁其它角色,"GAMEPLAY, MAIN MENU, POPUPS"
114,CHOOSE YOUR NEXT CHARACTER!,选择你的下一个角色,"GAMEPLAY, MAIN MENU, POPUPS"
115,Choose an enemy to train against!,选择你的敌人,"GAMEPLAY, MAIN MENU, POPUPS"
116,Defeat an enemy in the crypt to unlock them here.,在地下城击败怪物以解锁他们,"GAMEPLAY, MAIN MENU, POPUPS"
117,BACK TO LOBBY,返回大厅,"GAMEPLAY, MAIN MENU, POPUPS"
118,Choose a miniboss to train against!,选择一个miniboss作为敌人,"GAMEPLAY, MAIN MENU, POPUPS"
119,Choose a boss to train against!,选择一个boss作为敌人,"GAMEPLAY, MAIN MENU, POPUPS"
120,GOOD LUCK!,祝你好运,"GAMEPLAY, MAIN MENU, POPUPS"
121,TRANSMOGRIFY ONE OF YOUR ITEMS?,转换一个你的物品？,"GAMEPLAY, MAIN MENU, POPUPS"
122,PURCHASE A RANDOM ITEM?,购买一个随机物品？,"GAMEPLAY, MAIN MENU, POPUPS"
123,USE A SHRINE?,激活圣陵？,"GAMEPLAY, MAIN MENU, POPUPS"
124,SELL ONE OF YOUR ITEMS?,出售物品？,"GAMEPLAY, MAIN MENU, POPUPS"
125,Dance pad mode! Easier difficulty.,跳舞毯模式！难度已降低。,"GAMEPLAY, MAIN MENU, POPUPS"
126,Practice with this mode until,使用此模式练习,"GAMEPLAY, MAIN MENU, POPUPS"
127,you are ready for normal modes!,直至你有能力挑战正常模式,"GAMEPLAY, MAIN MENU, POPUPS"
128,Deathless mode! Compete for high,不朽模式！,"GAMEPLAY, MAIN MENU, POPUPS"
129,Scores by beating the game,在不死亡的情况下完成所有区域,"GAMEPLAY, MAIN MENU, POPUPS"
130,repeatedly without dying!,并取得尽可能高的评分,"GAMEPLAY, MAIN MENU, POPUPS"
131,ALL CHARACTERS MODE!,全角色模式！,"GAMEPLAY, MAIN MENU, POPUPS"
132,TRY TO BEAT THE GAME WITH ALL,一次使用所有九个角色,"GAMEPLAY, MAIN MENU, POPUPS"
133,NINE CHARACTERS IN A ROW!,完成游戏,"GAMEPLAY, MAIN MENU, POPUPS"
134,STORY MODE!,故事模式！,"GAMEPLAY, MAIN MENU, POPUPS"
135,"BEAT THE GAME WITH CADENCE,",依次使用CADENCE，MELODY，ARIA,"GAMEPLAY, MAIN MENU, POPUPS"
136,"THEN MELODY, THEN ARIA!",完成游戏,"GAMEPLAY, MAIN MENU, POPUPS"
137,Complete all zones in one run!,一次性完成所有区域！,"GAMEPLAY, MAIN MENU, POPUPS"
138,"All lobby upgrades are unlocked,",所有的升级都将可用,"GAMEPLAY, MAIN MENU, POPUPS"
139,but you start with lower health.,但你的生命值会很低,"GAMEPLAY, MAIN MENU, POPUPS"
140,Daily ALL ZONES challenge!,每日挑战：全区域,"GAMEPLAY, MAIN MENU, POPUPS"
141,EVERYONE GETS THE SAME DUNGEON!,所有人会都会挑战相同的地下城,"GAMEPLAY, MAIN MENU, POPUPS"
142,Score = coin total when run ends.,得分=挑战结束时的金币,"GAMEPLAY, MAIN MENU, POPUPS"
143,(Wait,,"GAMEPLAY, MAIN MENU, POPUPS"
144,hr),,"GAMEPLAY, MAIN MENU, POPUPS"
145,min),,"GAMEPLAY, MAIN MENU, POPUPS"
146,sec),,"GAMEPLAY, MAIN MENU, POPUPS"
147,I'll let you train against enemies!,挑种怪物来做你的陪练吧,"GAMEPLAY, MAIN MENU, POPUPS"
148,Cadence,,CHARACTER NAMES (SMALL TEXT)
149,Melody,,CHARACTER NAMES (SMALL TEXT)
150,Aria,,CHARACTER NAMES (SMALL TEXT)
151,Dorian,,CHARACTER NAMES (SMALL TEXT)
152,Eli,,CHARACTER NAMES (SMALL TEXT)
153,Ghost,,CHARACTER NAMES (SMALL TEXT)
154,Monk,,CHARACTER NAMES (SMALL TEXT)
155,Dove,,CHARACTER NAMES (SMALL TEXT)
156,Coda,,CHARACTER NAMES (SMALL TEXT)
157,Thief,,CHARACTER NAMES (SMALL TEXT)
158,Bolt,,CHARACTER NAMES (SMALL TEXT)
159,Bard,,CHARACTER NAMES (SMALL TEXT)
160,Mage,,CHARACTER NAMES (SMALL TEXT)
161,All Chars,全角色,CHARACTER NAMES (SMALL TEXT)
162,Story Mode,故事模式,CHARACTER NAMES (SMALL TEXT)
163,Cadence,,CHARACTER NAMES (MEDIUM TEXT)
164,Melody,,CHARACTER NAMES (MEDIUM TEXT)
165,Aria,,CHARACTER NAMES (MEDIUM TEXT)
166,Dorian,,CHARACTER NAMES (MEDIUM TEXT)
167,Eli,,CHARACTER NAMES (MEDIUM TEXT)
168,Ghost,,CHARACTER NAMES (MEDIUM TEXT)
169,Monk,,CHARACTER NAMES (MEDIUM TEXT)
170,Dove,,CHARACTER NAMES (MEDIUM TEXT)
171,Coda,,CHARACTER NAMES (MEDIUM TEXT)
172,Thief,,CHARACTER NAMES (MEDIUM TEXT)
173,Bolt,,CHARACTER NAMES (MEDIUM TEXT)
174,Bard,,CHARACTER NAMES (MEDIUM TEXT)
175,Mage,,CHARACTER NAMES (MEDIUM TEXT)
176,All Chars,全角色,CHARACTER NAMES (MEDIUM TEXT)
177,Story Mode,故事模式,CHARACTER NAMES (MEDIUM TEXT)
180,DESTROY THE SARCOPHAGUS!,摧毁石棺,FLYAWAYS
181,COMPLETE ZONE 1 TO UNLOCK!,解锁条件：完成区域1,FLYAWAYS
182,COMPLETE ZONE 2 TO UNLOCK!,解锁条件：完成区域2,FLYAWAYS
183,COMPLETE ZONE 3 TO UNLOCK!,解锁条件：完成区域3,FLYAWAYS
184,COMPLETE ZONE 4 TO UNLOCK!,解锁条件：完成区域4,FLYAWAYS
185,COMPLETE 'DRAGON LORE' TO UNLOCK!,"解锁条件：完成区域""龙王""",FLYAWAYS
186,COMPLETE 'TRAP LORE' TO UNLOCK!,"解锁条件：完成区域""陷阱大师""",FLYAWAYS
187,COMPLETE 'BOMB LORE' TO UNLOCK!,"解锁条件：完成区域""爆炸大师""",FLYAWAYS
188,COMPLETE THE GAME WITH MONK TO UNLOCK!,解锁条件：使用MONK通关,FLYAWAYS
189,COMPLETE THE GAME WITH MELODY TO UNLOCK!,解锁条件：使用MELODY通关,FLYAWAYS
190,COMPLETE ZONE 4 WITH CADENCE TO UNLOCK!,解锁条件：使用CADENCE完成区域4,FLYAWAYS
191,COMPLETE THE GAME WITH CADENCE TO UNLOCK!,解锁条件：使用CADENCE通关,FLYAWAYS
192,COMPLETE AN ALL CHARS RUN TO UNLOCK!,解锁条件：使用所有角色通关（不包括Coda）,FLYAWAYS
193,UNLOCK ALL CHARACTERS TO UNLOCK!,解锁条件：解锁所有角色,FLYAWAYS
194,ALREADY COMPLETE!,已经完成！,FLYAWAYS
195,CADENCE ONLY!,只能使用CADENCE,FLYAWAYS
196,MELODY ONLY!,只能使用MELODY,FLYAWAYS
197,ARIA ONLY!,只能使用ARIA,FLYAWAYS
198,DEFEAT THE MINIBOSS!,击败miniboss,FLYAWAYS
200,DEAFENED!,败北！,FLYAWAYS
201,INVINCIBLE!,无敌！,FLYAWAYS
202,BLOCKED WITH SHIELD!,被护盾吸收！,FLYAWAYS
203,PARRIED!,躲闪！,FLYAWAYS
204,WIND SPELL!,吹风！,FLYAWAYS
205,CONFUSION SPELL!,迷惑！,FLYAWAYS
206,INVINCIBLE! FIND THE LUTE!,无敌！找到鲁特琴！,FLYAWAYS
207,INVINCIBLE!,无敌！,FLYAWAYS
208,TELEPORTED!,被传送！,FLYAWAYS
209,CONFUSED!,被迷惑！,FLYAWAYS
210,IMMUNE!,免疫！,FLYAWAYS
211,HELP ME!,救命！,FLYAWAYS
212,THANK YOU!!!,谢谢你！,FLYAWAYS
213,DIG FOR THE GOLDEN KEY!,去挖金钥匙！,FLYAWAYS
214,DID YOU BRING THE GLASS KEY?,你带来玻璃钥匙了吗？,FLYAWAYS
215,BUY THE GOLDEN KEY!,去买金钥匙！,FLYAWAYS
216,SEE YOU IN THE LOBBY,大厅见,FLYAWAYS
217,SHRINE OF BLOOD,鲜血圣陵,FLYAWAYS
218,SHRINE OF DARKNESS,黑暗圣陵,FLYAWAYS
219,SHRINE OF GLASS,玻璃圣陵,FLYAWAYS
220,SHRINE OF PEACE,和平圣陵,FLYAWAYS
221,SHRINE OF RHYTHM,节奏圣陵,FLYAWAYS
222,SHRINE OF RISK,冒险圣陵,FLYAWAYS
223,SHRINE OF SACRIFICE,献祭圣陵,FLYAWAYS
224,SHRINE OF SPACE,空间圣陵,FLYAWAYS
225,SHRINE OF WAR,战争圣陵,FLYAWAYS
226,SHRINE OF NO RETURN,无悔圣陵,FLYAWAYS
227,SHRINE OF PHASING,相位圣陵,FLYAWAYS
228,SHRINE OF PACE,步调圣陵,FLYAWAYS
229,SHRINE OF CHANCE,机遇圣陵,FLYAWAYS
230,(GOOD LUCK!),（恭喜你）,FLYAWAYS
231,(BAD LUCK! TRY AGAIN),（下一次就赢回来了）,FLYAWAYS
232,TEMPO UP!,加速,FLYAWAYS
233,TEMPO DOWN!,减速,FLYAWAYS
234,EXIT STAIRS UNLOCKED!,出口已解锁,FLYAWAYS
235,YOU HAVE NO ITEM IN THAT SLOT!,你的该装备栏没有物品,FLYAWAYS
236,NEED,需要,FLYAWAYS
237,COINS,金币,FLYAWAYS
238,TRANSMOGRIFICATION FAILED!,转化失败,FLYAWAYS
239,SUCCESS!,成功,FLYAWAYS
240,CONJURING FAILED!,施法失败,FLYAWAYS
241,YOU HAVE NO ITEM IN THAT SLOT!,你的那个物品栏了没东西！,FLYAWAYS
242,I WON'T BUY THAT!,我不收那东西！,FLYAWAYS
243,COINS,,FLYAWAYS
244,FLAWLESS VICTORY!,完美通关！,FLYAWAYS
245,GLUTTONY!,暴饮暴食！,FLYAWAYS
246,NEED GLASS KEY,需要玻璃钥匙,FLYAWAYS
247,NEED GOLDEN KEY,需要金钥匙,FLYAWAYS
248,INFERNAL FIRE!,地狱火！,FLYAWAYS
249,LUNGE!,冲锋,FLYAWAYS
250,PAIN!,痛苦,FLYAWAYS
251,(DAMAGE ENEMIES),（对敌人造成伤害）,FLYAWAYS
252,(POTION),（药剂）,FLYAWAYS
253,(COUPON),（优惠唬,FLYAWAYS
254,(GLASS!),（玻璃化）,FLYAWAYS
255,SLOTH! (SHRINE OF PACE),懈怠(步调圣陵),FLYAWAYS
256,SHRUNK!,畏缩,FLYAWAYS
257,EXIT LOCKED!,出口已锁,FLYAWAYS
258,COURAGE!,英勇,FLYAWAYS
259,PROTECTED!,防护,FLYAWAYS
260,SHIELDED!,格挡,FLYAWAYS
261,RING SHATTERED!,戒指破碎,FLYAWAYS
262,GLASS ARMOR SHATTERED!,护甲破碎,FLYAWAYS
263,CROWN SHATTERED!,王冠破碎,FLYAWAYS
264,CHARM SHATTERED!,饰品破碎,FLYAWAYS
265,THORN! (SHRINE OF RISK),刺痛(冒险圣陵),FLYAWAYS
266,FROST MELTED!,解冻,FLYAWAYS
267,QUAFFED POTION!,使用药剂,FLYAWAYS
268,(OLD WEAPON HOLSTERED),（旧枪套）,FLYAWAYS
269,CLEANED!,清空,FLYAWAYS
270,PURCHASED!,购买,FLYAWAYS
271,UNLOCKED!,解锁,FLYAWAYS
272,GLASS SHATTERED!,破碎,FLYAWAYS
273,QUAKE,地震,FLYAWAYS
274,CHARM,诅咒,FLYAWAYS
275,GREATER TRANSMUTE,大幅改变,FLYAWAYS
276,TRANSMUTE,转化,FLYAWAYS
277,DESCEND,降低,FLYAWAYS
278,,NULL,FLYAWAYS
279,COINS,,FLYAWAYS
280,GOLD,,FLYAWAYS
281,FEAR,恐惧,FLYAWAYS
282,GREATER FIREBALL,炎爆术,FLYAWAYS
283,FIREBALL,火球术,FLYAWAYS
284,GREATER FREEZE,深度冻结,FLYAWAYS
285,FREEZE,冰冻术,FLYAWAYS
286,HEAL,治疗术,FLYAWAYS
287,BOMB,炸弹,FLYAWAYS
288,GIGANTISM,变大,FLYAWAYS
289,GREATER SHIELD,大圣盾术,FLYAWAYS
290,SHIELD,圣盾术,FLYAWAYS
291,ENCHANT WEAPON,附魔武器,FLYAWAYS
292,NEED,需要,FLYAWAYS
293,(BLOOD MAGIC),（鲜血魔法）,FLYAWAYS
300,"GIVE BLOOD, GET BLOOD WEAPON",鲜血圣陵：使用生命换取鲜血武器,SHRINE HINT TEXT
301,TURNS OUT THE LIGHTS,黑暗圣陵：熄灯,SHRINE HINT TEXT
302,ALL ITEMS BECOME GLASS,玻璃圣陵：身上所有物品变为玻璃材质,SHRINE HINT TEXT
303,"LOSE ITEMS, GAIN HEALTH",和平圣陵：使用全部物品换取生命,SHRINE HINT TEXT
304,"ITEMS BECOME OBSIDIAN, IRREGULAR RHYTHM",节奏圣陵：身上所有物品变为黑曜石材质，打乱节奏,SHRINE HINT TEXT
305,"GAIN ITEMS, SLOWLY LOSE HEALTH",冒险圣陵：获得物品但缓慢流血,SHRINE HINT TEXT
306,REQUIRES SACRIFICES,献祭圣陵：献上你的祭品,SHRINE HINT TEXT
307,"GAIN SHOVEL, BIGGER LEVELS",空间圣陵：获得铲子，扩大地下城空间,SHRINE HINT TEXT
308,"GAIN ITEMS, TOUGHER ENEMIES",战争圣陵：获取物品，更强大的敌人,SHRINE HINT TEXT
309,"GAIN WEAPON, DON'T TURN BACK",无悔圣陵：获取武器，永不回头,SHRINE HINT TEXT
310,BECOME INCORPOREAL,相位圣陵：化为无形,SHRINE HINT TEXT
311,"REWARDS SPEED, PENALIZES SLOTH",步调圣陵：奖勤罚懒,SHRINE HINT TEXT
312,"WIN ITEMS, IF YOU'RE LUCKY",机遇圣陵：来试试手气吧,SHRINE HINT TEXT
313,COINS,,SHRINE HINT TEXT
314,+1 BLACK CHEST PER RUN,+1黑色宝箱/RUN,ITEM NAMES/HINTS
315,+1 RED CHEST PER RUN,+1红色宝箱/RUN,ITEM NAMES/HINTS
316,+1 PURPLE CHEST PER RUN,+1紫色宝箱/RUN,ITEM NAMES/HINTS
317,CHAINMAIL,链甲,ITEM NAMES/HINTS
318,HEAVY PLATE,重型板甲,ITEM NAMES/HINTS
319,LEATHER ARMOR,皮甲,ITEM NAMES/HINTS
320,PLATE ARMOR,板甲,ITEM NAMES/HINTS
321,KARATE GI,空手道服,ITEM NAMES/HINTS
322,GLASS ARMOR,玻璃护甲,ITEM NAMES/HINTS
323,OBSIDIAN ARMOR,黑曜石护甲,ITEM NAMES/HINTS
324,COIN MULTIPLIER +0.5,金币倍率+0.5,ITEM NAMES/HINTS
325,COIN MULTIPLIER +1,金币倍率+1,ITEM NAMES/HINTS
326,BALLET SHOES,芭蕾舞鞋,ITEM NAMES/HINTS
327,BOOTS OF SPEED,速度之靴,ITEM NAMES/HINTS
328,WINGED BOOTS,飞行之靴,ITEM NAMES/HINTS
329,EXPLORERS BOOTS,探险者之靴,ITEM NAMES/HINTS
330,LEAD BOOTS,铅靴,ITEM NAMES/HINTS
331,BOOTS OF LEAPING,跳跃之靴,ITEM NAMES/HINTS
332,BOOTS OF LUNGING,冲刺之靴,ITEM NAMES/HINTS
333,BOOTS OF PAIN,痛苦之靴,ITEM NAMES/HINTS
334,HARGREAVES,哈格里夫斯护膝,ITEM NAMES/HINTS
335,BOOTS OF STRENGTH,力量之靴,ITEM NAMES/HINTS
336,APPLE,苹果,ITEM NAMES/HINTS
337,CHEESE,奶酪,ITEM NAMES/HINTS
338,DRUMSTICK,鸡腿,ITEM NAMES/HINTS
339,HAM,火腿,ITEM NAMES/HINTS
340,HOLY WATER,圣水,ITEM NAMES/HINTS
341,LORD CROWN,帝王之冠,ITEM NAMES/HINTS
342,BOMB,炸弹,ITEM NAMES/HINTS
343,3 BOMBS,炸弹x3,ITEM NAMES/HINTS
344,WAR DRUM,战鼓,ITEM NAMES/HINTS
345,BLOOD DRUM,鲜血之鼓,ITEM NAMES/HINTS
346,DOUBLE HEART TRANSPLANT,双倍心脏移植,ITEM NAMES/HINTS
347,HEART TRANSPLANT,心脏移植,ITEM NAMES/HINTS
348,CROWN OF THORNS,荆棘之冠,ITEM NAMES/HINTS
349,CROWN OF GREED,贪婪之冠,ITEM NAMES/HINTS
350,CROWN OF TELEPORTATION,传送王冠,ITEM NAMES/HINTS
351,CIRCLET OF TELEPATHY,读心者之冠,ITEM NAMES/HINTS
352,MINER'S CAP,矿工帽,ITEM NAMES/HINTS
353,MONOCLE,单片眼镜,ITEM NAMES/HINTS
354,NINJA MASK,忍者面具,ITEM NAMES/HINTS
355,HELM,头盔,ITEM NAMES/HINTS
356,GLASS JAW,玻璃假牙,ITEM NAMES/HINTS
357,BLAST HELM,防爆钢盔,ITEM NAMES/HINTS
358,SUNGLASSES,太阳镜,ITEM NAMES/HINTS
359,BACKPACK,背包,ITEM NAMES/HINTS
360,HOLSTER,皮套,ITEM NAMES/HINTS
361,PACK OF HOLDING,次元背包,ITEM NAMES/HINTS
362,COMPASS,指南针,ITEM NAMES/HINTS
363,COUPON,优惠券,ITEM NAMES/HINTS
364,GOLDEN KEY,金钥匙,ITEM NAMES/HINTS
365,GLASS KEY,玻璃钥匙,ITEM NAMES/HINTS
366,HEART CONTAINER,心之容器,ITEM NAMES/HINTS
367,DOUBLE HEART CONTAINER,双倍心之容器,ITEM NAMES/HINTS
368,EMPTY HEART CONTAINER,空的心之容器,ITEM NAMES/HINTS
369,EMPTY DOUBLE HEART CONTAINER,空的双倍心之容器,ITEM NAMES/HINTS
370,KEY,钥匙,ITEM NAMES/HINTS
371,GOLD MAGNET,吸金石,ITEM NAMES/HINTS
372,MAP,地图,ITEM NAMES/HINTS
373,POTION,药水,ITEM NAMES/HINTS
374,FROST CHARM,冰霜项链,ITEM NAMES/HINTS
375,GLUTTONY CHARM,暴食项链,ITEM NAMES/HINTS
376,LUCKY CHARM,幸运项链,ITEM NAMES/HINTS
377,NAZAR CHARM,通灵项链,ITEM NAMES/HINTS
378,PROTECTION CHARM,保护项链,ITEM NAMES/HINTS
379,RISK CHARM,冒险项链,ITEM NAMES/HINTS
380,STRENGTH CHARM,力量项链,ITEM NAMES/HINTS
381,HEART CONTAINER,心之容器,ITEM NAMES/HINTS
382,+50 COINS,+50金币,ITEM NAMES/HINTS
383,+100 COINS,+100金币,ITEM NAMES/HINTS
384,+150 COINS,+150金币,ITEM NAMES/HINTS
385,DIAMOND,+1钻石,ITEM NAMES/HINTS
386,2 DIAMONDS,+2钻石,ITEM NAMES/HINTS
387,3 DIAMONDS,+3钻石,ITEM NAMES/HINTS
388,4 DIAMONDS,+4钻石,ITEM NAMES/HINTS
389,+5 DIAMONDS,+5钻石,ITEM NAMES/HINTS
390,+10 DIAMONDS,+10钻石,ITEM NAMES/HINTS
391,+15 DIAMONDS,+15钻石,ITEM NAMES/HINTS
392,+20 DIAMONDS,+20钻石,ITEM NAMES/HINTS
393,RING OF COURAGE,勇气指环,ITEM NAMES/HINTS
394,RING OF WAR,战争指环,ITEM NAMES/HINTS
395,RING OF PEACE,和平指环,ITEM NAMES/HINTS
396,RING OF MANA,魔力指环,ITEM NAMES/HINTS
397,RING OF SHADOWS,暗影指环,ITEM NAMES/HINTS
398,RING OF MIGHT,力量指环,ITEM NAMES/HINTS
399,RING OF CHARISMA,魅力指环,ITEM NAMES/HINTS
400,RING OF LUCK,幸运指环,ITEM NAMES/HINTS
401,RING OF GOLD,黄金指环,ITEM NAMES/HINTS
402,RING OF PHASING,相位指环,ITEM NAMES/HINTS
403,RING OF REGENERATION,回复指环,ITEM NAMES/HINTS
404,RING OF PROTECTION,保护指环,ITEM NAMES/HINTS
405,RING OF SHIELDING,护盾指环,ITEM NAMES/HINTS
406,RING OF BECOMING,转换指环,ITEM NAMES/HINTS
407,RING OF WONDER,奇迹指环,ITEM NAMES/HINTS
408,EARTHQUAKE SCROLL,地震卷轴,ITEM NAMES/HINTS
409,FEAR SCROLL,恐惧卷轴,ITEM NAMES/HINTS
410,FIREBALL SCROLL,火球卷轴,ITEM NAMES/HINTS
411,FREEZE ENEMIES SCROLL,冰冻卷轴,ITEM NAMES/HINTS
412,GIGANTISM SCROLL,巨人卷轴,ITEM NAMES/HINTS
413,RICHES SCROLL,财富卷轴,ITEM NAMES/HINTS
414,SHIELD SCROLL,护盾卷轴,ITEM NAMES/HINTS
415,ENCHANT WEAPON SCROLL,武器附魔卷轴,ITEM NAMES/HINTS
416,SCROLL OF NEED,需求卷轴,ITEM NAMES/HINTS
417,TRANSMUTE SCROLL,转化卷轴,ITEM NAMES/HINTS
418,CRYSTAL SHOVEL,水晶铲,ITEM NAMES/HINTS
419,TITANIUM SHOVEL,钛金铲,ITEM NAMES/HINTS
420,BLOOD SHOVEL,血铲,ITEM NAMES/HINTS
421,OBSIDIAN SHOVEL,黑曜石铲,ITEM NAMES/HINTS
422,GLASS SHOVEL,玻璃铲,ITEM NAMES/HINTS
423,GLASS SHARD,玻璃碎片,ITEM NAMES/HINTS
424,SHOVEL,铲子,ITEM NAMES/HINTS
425,PICKAXE,镐,ITEM NAMES/HINTS
426,FIREBALL SPELL,火球术,ITEM NAMES/HINTS
427,FREEZE ENEMIES SPELL,冰冻术,ITEM NAMES/HINTS
428,HEAL SPELL,治疗术,ITEM NAMES/HINTS
429,BOMB SPELL,爆破术,ITEM NAMES/HINTS
430,SHIELD SPELL,圣盾术,ITEM NAMES/HINTS
431,TRANSMUTE SPELL,炼金术,ITEM NAMES/HINTS
432,CHARM SPELL,诅咒术,ITEM NAMES/HINTS
433,TORCH,火炬,ITEM NAMES/HINTS
434,BRIGHT TORCH,明亮火炬,ITEM NAMES/HINTS
435,LUMINOUS TORCH,辉赫火炬,ITEM NAMES/HINTS
436,TORCH OF FORESIGHT,先知火炬,ITEM NAMES/HINTS
437,GLASS TORCH,玻璃火炬,ITEM NAMES/HINTS
438,INFERNAL TORCH,地狱火炬,ITEM NAMES/HINTS
439,OBSIDIAN TORCH,黑曜石火炬,ITEM NAMES/HINTS
440,FLOWER,花,ITEM NAMES/HINTS
441,GOLDEN LUTE,黄金鲁特琴,ITEM NAMES/HINTS
442,DAGGER,匕首,ITEM NAMES/HINTS
443,GLASS SHARD,玻璃碎片,ITEM NAMES/HINTS
444,TITANIUM DAGGER,钛金匕首,ITEM NAMES/HINTS
445,OBSIDIAN DAGGER,黑曜石匕首,ITEM NAMES/HINTS
446,GOLDEN DAGGER,黄金匕首,ITEM NAMES/HINTS
447,BLOOD DAGGER,鲜血匕首,ITEM NAMES/HINTS
448,GLASS DAGGER,玻璃匕首,ITEM NAMES/HINTS
449,JEWELED DAGGER,宝石匕首,ITEM NAMES/HINTS
450,DAGGER OF FROST,冰霜匕首,ITEM NAMES/HINTS
451,DAGGER OF PHASING,相位匕首,ITEM NAMES/HINTS
452,BROADSWORD,大剑,ITEM NAMES/HINTS
453,TITANIUM BROADSWORD,钛金大剑,ITEM NAMES/HINTS
454,OBSIDIAN BROADSWORD,黑曜石大剑,ITEM NAMES/HINTS
455,GOLDEN BROADSWORD,黄金大剑,ITEM NAMES/HINTS
456,BLOOD BROADSWORD,鲜血大剑,ITEM NAMES/HINTS
457,GLASS BROADSWORD,玻璃大剑,ITEM NAMES/HINTS
458,LONGSWORD,长剑,ITEM NAMES/HINTS
459,TITANIUM LONGSWORD,钛金长剑,ITEM NAMES/HINTS
460,OBSIDIAN LONGSWORD,黑曜石长剑,ITEM NAMES/HINTS
461,GOLDEN LONGSWORD,黄金长剑,ITEM NAMES/HINTS
462,BLOOD LONGSWORD,鲜血长剑,ITEM NAMES/HINTS
463,GLASS LONGSWORD,玻璃长剑,ITEM NAMES/HINTS
464,WHIP,鞭子,ITEM NAMES/HINTS
465,TITANIUM WHIP,钛金鞭子,ITEM NAMES/HINTS
466,OBSIDIAN WHIP,黑曜石鞭子,ITEM NAMES/HINTS
467,GOLDEN WHIP,黄金鞭子,ITEM NAMES/HINTS
468,BLOOD WHIP,鲜血鞭子,ITEM NAMES/HINTS
469,GLASS WHIP,玻璃鞭子,ITEM NAMES/HINTS
470,SPEAR,长矛,ITEM NAMES/HINTS
471,TITANIUM SPEAR,钛金长矛,ITEM NAMES/HINTS
472,OBSIDIAN SPEAR,黑曜石长矛,ITEM NAMES/HINTS
473,GOLDEN SPEAR,黄金长矛,ITEM NAMES/HINTS
474,BLOOD SPEAR,鲜血长矛,ITEM NAMES/HINTS
475,GLASS SPEAR,玻璃长矛,ITEM NAMES/HINTS
476,RAPIER,刺剑,ITEM NAMES/HINTS
477,TITANIUM RAPIER,钛金刺剑,ITEM NAMES/HINTS
478,OBSIDIAN RAPIER,黑曜石刺剑,ITEM NAMES/HINTS
479,GOLDEN RAPIER,黄金刺剑,ITEM NAMES/HINTS
480,BLOOD RAPIER,鲜血刺剑,ITEM NAMES/HINTS
481,GLASS RAPIER,玻璃刺剑,ITEM NAMES/HINTS
482,BOW,弓,ITEM NAMES/HINTS
483,TITANIUM BOW,钛金长弓,ITEM NAMES/HINTS
484,OBSIDIAN BOW,黑曜石长弓,ITEM NAMES/HINTS
485,GOLDEN BOW,黄金长弓,ITEM NAMES/HINTS
486,BLOOD BOW,鲜血长弓,ITEM NAMES/HINTS
487,GLASS BOW,玻璃长弓,ITEM NAMES/HINTS
488,CROSSBOW,十字弩,ITEM NAMES/HINTS
489,TITANIUM CROSSBOW,钛金十字弩,ITEM NAMES/HINTS
490,OBSIDIAN CROSSBOW,黑曜石十字弩,ITEM NAMES/HINTS
491,GOLDEN CROSSBOW,黄金十字弩,ITEM NAMES/HINTS
492,BLOOD CROSSBOW,鲜血十字弩,ITEM NAMES/HINTS
493,GLASS CROSSBOW,玻璃十字弩,ITEM NAMES/HINTS
494,FLAIL,流星锤,ITEM NAMES/HINTS
495,TITANIUM FLAIL,钛金流星锤,ITEM NAMES/HINTS
496,OBSIDIAN FLAIL,黑曜石流星锤,ITEM NAMES/HINTS
497,GOLDEN FLAIL,黄金流星锤,ITEM NAMES/HINTS
498,BLOOD FLAIL,鲜血流星锤,ITEM NAMES/HINTS
499,GLASS FLAIL,玻璃流星锤,ITEM NAMES/HINTS
500,CAT O NINE TAILS,九尾鞭,ITEM NAMES/HINTS
501,TITANIUM CAT,钛金九尾鞭,ITEM NAMES/HINTS
502,OBSIDIAN CAT,黑曜石九尾鞭,ITEM NAMES/HINTS
503,GOLDEN CAT,黄金九尾鞭,ITEM NAMES/HINTS
504,BLOOD CAT,鲜血九尾鞭,ITEM NAMES/HINTS
505,GLASS CAT,玻璃九尾鞭,ITEM NAMES/HINTS
506,BLUNDERBUSS,霰弹枪,ITEM NAMES/HINTS
507,RIFLE,来复枪,ITEM NAMES/HINTS
508,+1 DEFENSE,+1防御,ITEM NAMES/HINTS
509,"+2 DEFENSE, HEAVY",+2防御，HEAVY,ITEM NAMES/HINTS
510,+0.5 DEFENSE,+0.5防御,ITEM NAMES/HINTS
511,+1.5 DEFENSE,+1.5防御,ITEM NAMES/HINTS
513,TAKE AND DEAL DOUBLE DAMAGE,造成并承受2倍伤害,ITEM NAMES/HINTS
514,"PREVENTS DAMAGE, THEN SHATTERS",抵御1次攻击,ITEM NAMES/HINTS
515,MULTIPLIER-BASED DEFENSE,金币倍率将强化防御,ITEM NAMES/HINTS
516,"STAND STILL, KEEP MULTIPLIER",停止移动不会丢失金币倍率,ITEM NAMES/HINTS
517,DOUBLE TIME,双倍时间,ITEM NAMES/HINTS
518,LEVITATION,漂浮,ITEM NAMES/HINTS
519,HELPS WITH SOME TERRAIN,免疫部分地形效果,ITEM NAMES/HINTS
520,HELPS WITH TRAPS AND ICE,免疫陷阱/冰面效果,ITEM NAMES/HINTS
521,LONG JUMP,每次移动2格,ITEM NAMES/HINTS
522,LONG JUMP ATTACK,每次移动2格并攻击,ITEM NAMES/HINTS
523,DO DAMAGE AS YOU WALK,移动时造成伤害,ITEM NAMES/HINTS
524,+1 DAMAGE,+1 伤害,ITEM NAMES/HINTS
525,RESTORE 1 HEALTH,回复 1 生命,ITEM NAMES/HINTS
526,RESTORE 2 HEALTH,回复 2 生命,ITEM NAMES/HINTS
527,RESTORE 3 HEALTH,回复 3 生命,ITEM NAMES/HINTS
528,RESTORE 4 HEALTH,回复 4 生命,ITEM NAMES/HINTS
529,USE NEAR ENEMIES,利用周围的敌人,ITEM NAMES/HINTS
530,GIGANTISM,变大,ITEM NAMES/HINTS
531,"STAND STILL, INCREASE DAMAGE",可以原地踏步，提升伤害,ITEM NAMES/HINTS
532,"TAKES HEALTH, INCREASES DAMAGE",以生命值换取伤害,ITEM NAMES/HINTS
533,PACEMAKER,起搏器,ITEM NAMES/HINTS
534,10 KILLS = HEAL,吸血攻击,ITEM NAMES/HINTS
535,DOUBLE COINS + LEAK COINS,双倍金币 + 丢失金币,ITEM NAMES/HINTS
536,TELEPORT ON HIT,被攻击传送,ITEM NAMES/HINTS
537,SEE ALL ENEMIES,可以看到所有敌人,ITEM NAMES/HINTS
538,MOVE + DIG,边走边挖,ITEM NAMES/HINTS
539,SEE ALL ITEMS,可以看到所有物品,ITEM NAMES/HINTS
540,STEALTHY,潜行,ITEM NAMES/HINTS
541,"DOUBLE ALL DMG, FRAILTY",双倍伤害，虚弱,ITEM NAMES/HINTS
542,"BOMB IMMUNITY, +3 BOMBS",爆炸免疫，+3 炸弹,ITEM NAMES/HINTS
543,"+1 DMG, STRANGE VISION",+1 伤害，视野变异,ITEM NAMES/HINTS
544,+1 STORAGE,+1 背包空间,ITEM NAMES/HINTS
545,HOLD 2ND WEAPON,双武器,ITEM NAMES/HINTS
546,INFINITE STORAGE,四次元背包,ITEM NAMES/HINTS
547,ARROW SHOWS EXIT,出口导航,ITEM NAMES/HINTS
548,SHOPPING SPREE,疯狂购物,ITEM NAMES/HINTS
549,OPEN CAGE,打开笼子,ITEM NAMES/HINTS
550,OPEN CAGE WITH GOLDEN LOCK,用金钥匙打开笼子,ITEM NAMES/HINTS
551,OPEN CAGE WITH GLASS LOCK,用玻璃钥匙打开笼子,ITEM NAMES/HINTS
552,+1 HEART CONTAINER,+1 心之容器,ITEM NAMES/HINTS
553,+2 HEART CONTAINER,+2 心之容器,ITEM NAMES/HINTS
554,+1 EMPTY HEART CONTAINER,+1 空的心之容器,ITEM NAMES/HINTS
555,+2 EMPTY HEART CONTAINER,+2 空的心之容器,ITEM NAMES/HINTS
556,OPEN LOCKS,开锁,ITEM NAMES/HINTS
557,MAGNETISM,引力,ITEM NAMES/HINTS
558,REVEAL DUNGEON MINIMAP,地图全开,ITEM NAMES/HINTS
559,SAVES YOUR LIFE,复生,ITEM NAMES/HINTS
560,AUTOMATIC FREEZE,免疫攻击并冰冻所有敌人,ITEM NAMES/HINTS
561,"REWARDS OVEREATING, ONCE",,ITEM NAMES/HINTS
562,FIND BETTER ITEMS,能找到更好的物品,ITEM NAMES/HINTS
563,WARDS OFF SPIRITS,,ITEM NAMES/HINTS
564,+2 DMG AT LOW HEALTH,放手一搏（+2伤害）,ITEM NAMES/HINTS
565,"+1 DMG, KILL DASH",,ITEM NAMES/HINTS
566,"+1 DAMAGE, MORE ENEMIES",+1 伤害，更多敌人,ITEM NAMES/HINTS
567,"+1 HEART, FEWER ENEMIES",+1 心之容器，更少敌人,ITEM NAMES/HINTS
568,MORE POWERFUL SPELLS,魔法增效,ITEM NAMES/HINTS
569,CHEAPER SHOPS,商店折扣,ITEM NAMES/HINTS
570,FIND BETTER ITEMS,能找到更好的物品,ITEM NAMES/HINTS
571,"MORE GOLD, AUTO GOLD PICKUP",更多金币，自动拾取金币,ITEM NAMES/HINTS
572,HEALS EACH LEVEL,每关卡回血,ITEM NAMES/HINTS
573,AUTOMATIC SHIELD,自动护盾,ITEM NAMES/HINTS
574, + ALL,,ITEM NAMES/HINTS
575,DAMAGE NON-FLYING ENEMIES,对非飞行敌人造成伤害,ITEM NAMES/HINTS
576,SCARE ENEMIES AWAY,恐吓敌人,ITEM NAMES/HINTS
577,HORIZONTAL FIRE BLAST,向两侧发射火焰,ITEM NAMES/HINTS
578,FREEZE ENEMIES,冻结敌人,ITEM NAMES/HINTS
579,RICHES,得到倍率x50的金币,ITEM NAMES/HINTS
580,TEMPORARY SHIELD,临时护盾,ITEM NAMES/HINTS
581,ENCHANT WEAPON,附魔武器,ITEM NAMES/HINTS
582,GIVES WHAT YOU NEED,给你你最需要的东西,ITEM NAMES/HINTS
583,TRANSFORMS ALL NON-EQUIPPED ITEMS,转化所有未装备的物品,ITEM NAMES/HINTS
584,+2 DIG,+2挖掘能力,ITEM NAMES/HINTS
585,+1 DIG,+1挖掘能力,ITEM NAMES/HINTS
586,"DIG ANYTHING, BUT TAKE DAMAGE",可以挖掘任何东西，同时受到伤害,ITEM NAMES/HINTS
587,MULTIPLIER-BASED DIG,金币倍率将强化挖掘能力,ITEM NAMES/HINTS
588,"+2 DIG, BREAKABLE",+2挖掘等级，被打断移除,ITEM NAMES/HINTS
589,"SLOW, STRONG DIG",蓄力挖掘,ITEM NAMES/HINTS
590,HORIZONTAL FIRE BLAST,向两侧发射火焰,ITEM NAMES/HINTS
591,FREEZE ENEMIES,冻结敌人,ITEM NAMES/HINTS
592,RESTORE 0.5 HEALTH,回复0.5生命值,ITEM NAMES/HINTS
593,BOMB SPELL,爆破术,ITEM NAMES/HINTS
594,TEMPORARY SHIELD,临时护盾,ITEM NAMES/HINTS
595,TRANSFORM NEARBY ITEMS,转换周围的物品,ITEM NAMES/HINTS
596,CHARM NEARBY ENEMIES,诅咒周围的敌人,ITEM NAMES/HINTS
597,+1 VISION RADIUS,+1 视野,ITEM NAMES/HINTS
598,+2 VISION RADIUS,+2 视野,ITEM NAMES/HINTS
599,+3 VISION RADIUS,+3 视野,ITEM NAMES/HINTS
600,+1 VISION + TRAPSIGHT,+1视野 +陷阱侦测,ITEM NAMES/HINTS
601,"MAGIC VISION, BREAKABLE",魔法视野，被打断移除,ITEM NAMES/HINTS
602,CONSUMES TORCHES ON WALLS,墙壁上的火把,ITEM NAMES/HINTS
603,MULTIPLIER-BASED LIGHT,金币倍率将强化光照,ITEM NAMES/HINTS
604,"DAGGER, THROWABLE",匕首，可投掷,ITEM NAMES/HINTS
605,2 DAMAGE,2 伤害,ITEM NAMES/HINTS
606,MULTIPLIER-BASED DAMAGE,金币倍率将强化伤害,ITEM NAMES/HINTS
607,HIGH DMG AFTER GOLD PICKUP,拾取金币后伤害提升,ITEM NAMES/HINTS
608,"KILL TO HEAL, LOW HEALTH = +DAMAGE",吸血攻击，失血增加伤害,ITEM NAMES/HINTS
609,"4 DAMAGE, BREAKABLE",+4伤害，被打断移除,ITEM NAMES/HINTS
610,5 DAMAGE,+5 伤害,ITEM NAMES/HINTS
611,"FREEZE ENEMIES, KILL FROZEN ENEMIES, PIERCING",冻结敌人，杀死被冻结敌人，冰冷刺骨,ITEM NAMES/HINTS
612,"PHASING ATTACK, 2 DMG",相位攻击，2伤害,ITEM NAMES/HINTS
613,WIDE ATTACK,范围攻击,ITEM NAMES/HINTS
614,LONG ATTACK,攻击距离提升,ITEM NAMES/HINTS
615,WIDER ATTACK,大范围攻击,ITEM NAMES/HINTS
616,"LONG ATTACK, THROWABLE",攻击距离提升，可投掷,ITEM NAMES/HINTS
617,LUNGE FOR DOUBLE DAMAGE,冲锋，双倍伤害,ITEM NAMES/HINTS
618,RANGED ATTACK,远程攻击,ITEM NAMES/HINTS
619,"RANGED ATTACK, NEEDS RELOADING, PIERCING",远程攻击，需要装填，穿刺,ITEM NAMES/HINTS
620,KNOCKBACK ATTACK,击退攻击,ITEM NAMES/HINTS
621,MOVE AND ATTACK,移动攻击,ITEM NAMES/HINTS
622,"CONICAL BLAST, NEEDS RELOADING, PIERCING",扇形攻击，需要装填，穿刺,ITEM NAMES/HINTS
623,"RANGED ATTACK, NEEDS LOADING, PIERCING",远程攻击，需要装填，穿刺,ITEM NAMES/HINTS
650,1 KILL,1击杀,HUD
651,KILLS,击杀,HUD
652,INF,无限,HUD
653,OR,或,HUD
654,1/2 HEART,1/2生命值,HUD
655,1 HEART,1生命值,HUD
656,1.5 HEARTS,1.5生命值,HUD
700,RUN SUMMARY,统计信息,POST-GAME
701,QUICK RESTART,重新开始,POST-GAME
702,WATCH REPLAY,观看重放,POST-GAME
703,HIGHSCORE LEADERBOARDS,得分排行榜,POST-GAME
704,SPEEDRUN LEADERBOARDS,竞速排行榜,POST-GAME
705,RETURN TO LOBBY,返回大厅,POST-GAME
706,KILLED BY:,击杀：,POST-GAME
707,YOU WON!,完成,POST-GAME
708,COIN SCORE:,获得金币：,POST-GAME
709,RUN DURATION:,用时：,POST-GAME
710,(INCOMPLETE),（未完成）,POST-GAME
711,WIN COUNT:,完成次数：,POST-GAME
712,RETURN TO LEVEL EDITOR,返回关卡编辑器,POST-GAME
713,RANDOM SEED:,种子：,POST-GAME
714,LOW PERCENT,,POST-GAME
900,ENTER A TEXT SEED!,输入要使用的种子,MORE POPUPS
901,"YOU CAN USE NUMBERS, LETTERS AND SPACES:",名字只能使用 字母/数字/空格,MORE POPUPS
902,SCORE CHEATING DETECTED,得分作弊被抓,MORE POPUPS
903,AUDIO CHEATING DETECTED,音乐作弊最抓,MORE POPUPS
904,This game contains many mysterious items!,地下城里有很多神秘的东西,MORE POPUPS
905,"Would you like item hints, or would",你想显示物品描述还是自己去探索他们的效果呢？,MORE POPUPS
906,you prefer to figure things out as you go?,NULL,MORE POPUPS
907,"YES, GIVE HINTS",显示物品描述,MORE POPUPS
908,NO THANKS,隐藏物品描述,MORE POPUPS
909,You'll lose your unspent diamonds,如果现在重新开始,MORE POPUPS
910,when you leave the lobby.,所有未花费的钻石会被清空,MORE POPUPS
911,Would you like To stay And spend them?,你要留下把它们花完吗？,MORE POPUPS
912,"Stay, spend diamonds",回去用完它们,MORE POPUPS
913,"Leave, lose diamonds",我不差钱,MORE POPUPS
914,CADENCE MODE!,CADENCE,MORE POPUPS
915,NORMAL GAMEPLAY.,正常游戏模式,MORE POPUPS
916,CONTINUE?,继续？,MORE POPUPS
917,ARIA MODE: DAGGER ONLY.,ARIA,MORE POPUPS
918,DIE IN A SINGLE HIT.,只能使用匕首，一击必杀,MORE POPUPS
919,DIE ON MISSED BEAT!,节拍MISSED立即死亡,MORE POPUPS
920,BOLT MODE!,BOLT,MORE POPUPS
921,DOUBLE SPEED GAMEPLAY.,2倍速,MORE POPUPS
922,BARD MODE: NO BEATS!,BARD,MORE POPUPS
923,MOVE AT ANY TIME.,无视节拍,MORE POPUPS
924,ENEMIES MOVE AFTER YOU.,你移动时敌人才可以移动,MORE POPUPS
925,MONK MODE: GOLD KILLS.,MONK,MORE POPUPS
926,(VOW OF POVERTY!),拾取金币立即死亡，商店物品免费,MORE POPUPS
927,SHOPS GIVE FREE ITEMS.,（视金钱如粪土的人，所以不要去捡屎）,MORE POPUPS
928,DOVE MODE: PACIFISM!,DOVE,MORE POPUPS
929,YOU DO NO DAMAGE BUT,你无法造成伤害，出口直接解锁,MORE POPUPS
930,EXITS ARE UNLOCKED.,和平主义者,MORE POPUPS
931,ELI MODE!,ELI,MORE POPUPS
932,INFINITE BOMBS.,无限炸弹,MORE POPUPS
933,KICK BOMBS AT ENEMIES!,可将炸弹踢向敌人,MORE POPUPS
934,DORIAN MODE!,DORIAN,MORE POPUPS
935,CURSED BOOTS OF LEAPING.,携带受诅咒的跳跃之靴,MORE POPUPS
936,MOVE SLOW: TAKE DAMAGE.,缓慢移动会受到伤害,MORE POPUPS
937,MELODY MODE!,MELODY,MORE POPUPS
938,MOVE NEXT TO ENEMIES,在敌人身边,MORE POPUPS
939,TO USE THE GOLDEN LUTE!,弹奏你的金鲁特琴,MORE POPUPS
940,CODA MODE!,CODA,MORE POPUPS
941,ARIA + BOLT + MONK.,CODA=ARIA+BOLT+MONK,MORE POPUPS
942,PROBABLY IMPOSSIBLE.,能通关就是个奇迹,MORE POPUPS
943,ALL CHARACTERS MODE:,全角色模式,MORE POPUPS
944,"PLAY ALL CHARACTERS IN A ROW,",在全区域模式,MORE POPUPS
945,IN ALL ZONES MODE.,依次使用所有角色,MORE POPUPS
946,STORY MODE!,故事模式！,MORE POPUPS
947,"PLAY AS CADENCE, THEN MELODY, THEN ARIA.",依次使用CADENCE，MELODY，ARIA完成故事模式,MORE POPUPS
948,COMPLETE THE WHOLE STORY IN ONE GO!,中途不能中断,MORE POPUPS
949,DEATHLESS MODE:,不朽模式：,MORE POPUPS
950,BEAT ALL ZONES REPEATEDLY WITHOUT DYING.,在不死亡的情况下完成所有区域,MORE POPUPS
951,ALL ZONES MODE: COMPLETE ALL ZONES IN ONE RUN!,全区域模式：一次性完成所有区域！,MORE POPUPS
952,"ALL LOBBY UPGRADES ARE UNLOCKED AND AVAILABLE,",所有的升级都将可用,MORE POPUPS
953,BUT YOU START WITH LOWER HEALTH.,但你的生命值会很低,MORE POPUPS
954,DAILY CHALLENGE: COMPLETE ALL ZONES IN ONE RUN!,每日挑战：一次性完成所有区域！,MORE POPUPS
955,ALL PLAYERS GET THE SAME DUNGEON.,所有人会都会挑战相同的地下城,MORE POPUPS
956,RESETS DAILY AT MIDNIGHT GMT.,每日挑战下午16:00重置,MORE POPUPS
957,BOSS TRAINING!,Boss练习,MORE POPUPS
958,Spend 3 diamonds To,花费3钻石,MORE POPUPS
959,unlock,来解锁,MORE POPUPS
960,MINIBOSS TRAINING!,miniboss练习,MORE POPUPS
961,Spend 3 diamonds to,花费3钻石,MORE POPUPS
962,unlock,来解锁,MORE POPUPS
963,BOSS TRAINING!,boss练习,MORE POPUPS
964,Practice against,再虐一遍,MORE POPUPS
965,MINIBOSS TRAINING!,miniboss练习,MORE POPUPS
966,Practice against,再虐一遍,MORE POPUPS
967,TRAINING!,,MORE POPUPS
968,Practice against,再虐一遍,MORE POPUPS
969,?,,MORE POPUPS
1000,DONE,完成,GENERAL GUI (medium sized text)
1001,PREVIOUS PAGE,上一页,GENERAL GUI (medium sized text)
1002,NEXT PAGE,下一页,GENERAL GUI (medium sized text)
1003,Yes,是,GENERAL GUI (medium sized text)
1004,No,否,GENERAL GUI (medium sized text)
1005,OK,好的,GENERAL GUI (medium sized text)
1006,RANDOM,随机,GENERAL GUI (medium sized text)
1007,CANCEL,取消,GENERAL GUI (medium sized text)
1050,GAME PAUSED,暂停,PAUSE MENU
1051,CONTINUE GAME,继续游戏,PAUSE MENU
1052,LEADERBOARDS,排行榜,PAUSE MENU
1053,REPLAYS,回放,PAUSE MENU
1054,OPTIONS,设置,PAUSE MENU
1055,CUSTOM MUSIC,自定义音乐,PAUSE MENU
1056,MODS,MOD,PAUSE MENU
1057,QUICK RESTART,重新开始,PAUSE MENU
1058,QUIT TO LOBBY,返回大厅,PAUSE MENU
1059,QUIT TO LEVEL EDITOR,退出关卡编辑器,PAUSE MENU
1060,EXIT GAME,退出游戏,PAUSE MENU
1061,LOW PERCENT,低比例,PAUSE MENU
1100,AUDIO OPTIONS,音频选项,AUDIO OPTIONS
1101,SOUND VOLUME,音效音量,AUDIO OPTIONS
1102,MUSIC VOLUME,音乐音量,AUDIO OPTIONS
1103,ENABLE PRE-BOSS EFFECT,Boss预警,AUDIO OPTIONS
1200,MANUAL BEAT DETECTION,手动节拍探测,MANUAL BEAT DETECTION
1201,"Press an ARROW KEY on the beat, ESC to quit",按照节拍按 方向 键，按ESC退出,MANUAL BEAT DETECTION
1202,Press an ARROW KEY to start,按 方向键 开始,MANUAL BEAT DETECTION
1203,Press ENTER when done to finalize,,MANUAL BEAT DETECTION
1300,THE NECRODANCER,死灵舞者,BOSS INTROS
1301,KING CONGA,金刚鼓王,BOSS INTROS
1302,DEATH METAL,死亡重金属,BOSS INTROS
1303,DEEP BLUES,深蓝象棋,BOSS INTROS
1304,CORAL RIFF,珊瑚乐团,BOSS INTROS
1305,DEAD RINGER,死亡丧钟,BOSS INTROS
1306,THE GOLDEN LUTE,黄金鲁特琴,BOSS INTROS
1400,AUDIO LATENCY CALIBRATION,声音延迟校准,CALIBRATION
1401,VIDEO LATENCY CALIBRATION,视频延迟校准,CALIBRATION
1402,Press The UP ARROW KEY when you hear the sound.,当你听到声音时按 ↑ 键,CALIBRATION
1403,Press THE UP ARROW KEY when the heart beats.,当你听到节拍时按 ↑ 键,CALIBRATION
1404,OR PRESS 'S' TO SKIP CALIBRATION.,或按 S 跳过校准,CALIBRATION
1405,(THIS WILL TAKE ABOUT ONE MINUTE.),（校准可能耗时较长）,CALIBRATION
1406,LATENCY CALIBRATION RESULTS:,延迟校准结果,CALIBRATION
1407,Audio latency:,声音延迟：,CALIBRATION
1408,Video latency:,视频延迟：,CALIBRATION
1409,PRESS LEFT OR RIGHT TO ADJUST AUDIO LATENCY.,按 左右 键调整声音延迟,CALIBRATION
1410,PRESS UP OR DOWN TO ADJUST VIDEO LATENCY.,按 左右 键调整视频延迟,CALIBRATION
1411,PRESS ENTER TO SAVE AND EXIT.,按 回车 保存并退出,CALIBRATION
1500,MODS,MODS,MODS
1501,ACTIVATE MOD BY DEFAULT,默认启用MOD,MODS
1502,CHOOSE A MOD TO PUBLISH,发布这个MOD,MODS
1503,CHOOSE A MOD TO PLAY,使用这个MOD,MODS
1504,PUBLISHING...,上传中...,MODS
1505,PUBLISH MOD FAILED!,上传MOD失败！,MODS
1506,MOD PUBLISHED!,上传成功！,MODS
1507,SEE NECRODANCER.COM/WORKSHOP FOR DETAILS ON MODDING,MOD制作FAQ请访问NECRODANCER.COM/WORKSHOP,MODS
1508,"BECAUSE THIS MOD EDITS THE NECRODANCER.XML FILE,",因为这个MOD修改了NECRODANCER.XML,MODS
1509,HIGH SCORES AND ACHIEVEMENTS WILL BE DISABLED,你将无法获得成就和排行榜排名,MODS
1510,CONTINUE?,继续？,MODS
1511,ERROR LOADING IMAGE:,读取图片失败：,MODS
1512,MOD:,MOD:,MODS
1513,CONTACT THE MOD CREATOR FOR ASSITANCE,联系MOD作者,MODS
1514,PLAY A MOD,使用MOD,MODS
1515,PUBLISH A MOD,发布MOD到Workshop,MODS
1516,DEACTIVATE CURRENT MOD,停用MOD,MODS
1600,REASSIGN CONTROLS,,REASSIGN CONTROLS
1601,ASSIGNING PLAYER:,,REASSIGN CONTROLS
1602,RESTORE DEFAULT CONTROLS,,REASSIGN CONTROLS
1603,SHOW DEFAULT HUD TEXT,,REASSIGN CONTROLS
1604,IGNORE MULTI-PRESS COMBOS,,REASSIGN CONTROLS
1605,: (PRESS ANY KEY TO SET),,REASSIGN CONTROLS
1606,UP,,REASSIGN CONTROLS
1607,RIGHT,,REASSIGN CONTROLS
1608,DOWN,,REASSIGN CONTROLS
1609,LEFT,,REASSIGN CONTROLS
1610,UP (ALT),,REASSIGN CONTROLS
1611,RIGHT (ALT),,REASSIGN CONTROLS
1612,DOWN (ALT),,REASSIGN CONTROLS
1613,LEFT (ALT),,REASSIGN CONTROLS
1614,"COMBO, LEFT+RIGHT",,REASSIGN CONTROLS
1615,"COMBO, UP+DOWN",,REASSIGN CONTROLS
1616,"COMBO, UP+LEFT",,REASSIGN CONTROLS
1617,"COMBO, UP+RIGHT",,REASSIGN CONTROLS
1618,"COMBO, DOWN+LEFT",,REASSIGN CONTROLS
1619,"COMBO, DOWN+RIGHT",,REASSIGN CONTROLS
1620,QUICK RESTART,,REASSIGN CONTROLS
1621,PAUSE,,REASSIGN CONTROLS
1700,CHANGE SOUNDTRACK,更换音乐,CHANGE SOUNDTRACK
1800,GRAPHICAL OPTIONS,视频设置,GRAPHICS OPTIONS
1801,FULLSCREEN,全屏,GRAPHICS OPTIONS
1802,ENABLE VSYNC,垂直同步,GRAPHICS OPTIONS
1803,VIEW MULTIPLIER: DEFAULT,缩放级别：默认,GRAPHICS OPTIONS
1804,VIEW MULTIPLIER:,缩放级别：,GRAPHICS OPTIONS
1805,ENABLE HUD HEART,显示心脏,GRAPHICS OPTIONS
1806,ENABLE HUD BEAT BARS,显示节拍,GRAPHICS OPTIONS
1807,ENABLE SCREEN SHAKE,屏幕震动,GRAPHICS OPTIONS
1808,ENABLE SPEEDRUN TIMER,竞速计时器,GRAPHICS OPTIONS
1809,ENABLE DISCO FLOOR,DISCO地板,GRAPHICS OPTIONS
1810,ENABLE POST-DEATH REPLAY,死亡重放,GRAPHICS OPTIONS
1811,CHANGE RESOLUTION,修改分辨率,GRAPHICS OPTIONS
1812,ENTER YOUR DESIRED WIDTH,输入宽度,GRAPHICS OPTIONS
1813,CURRENT:,当前：,GRAPHICS OPTIONS
1814,ENTER YOUR DESIRED HEIGHT,输入高度,GRAPHICS OPTIONS
1815,WOULD YOU LIKE KEEP RESOLUTION,保留分辨率设置？,GRAPHICS OPTIONS
1816,IS NOT A VALID RESOLUTION!,无效的分辨率,GRAPHICS OPTIONS
1900,OPTIONS,设置,OPTIONS
1901,GAMEPLAY OPTIONS,游戏设置,OPTIONS
1902,AUDIO OPTIONS,声音设置,OPTIONS
1903,GRAPHICAL OPTIONS,视频设置,OPTIONS
1904,REASSIGN CONTROLS,按键绑定,OPTIONS
1905,LATENCY CALIBRATION,延迟校准,OPTIONS
1906,CHANGE SOUNDTRACK,更换音乐,OPTIONS
1907,LANGUAGE OPTIONS,语言设置,OPTIONS
2000,REPLAYS (MOST RECENT AT TOP),回放（按时间排序）,REPLAYS
2001,ZONE 1,区域1,REPLAYS
2002,ZONE 2,区域2,REPLAYS
2003,ZONE 3,区域3,REPLAYS
2004,ZONE 4,区域4,REPLAYS
2005,DANCE PAD,跳舞毯,REPLAYS
2006,ALL ZONES,全区域,REPLAYS
2007,SEEDED ALL ZONES,使用种子的全区域,REPLAYS
2008,DAILY,每日,REPLAYS
2009,JAN,1月,REPLAYS
2010,FEB,2月,REPLAYS
2011,MAR,3月,REPLAYS
2012,APR,4月,REPLAYS
2013,MAY,5月,REPLAYS
2014,JUN,6月,REPLAYS
2015,JUL,7月,REPLAYS
2016,AUG,8月,REPLAYS
2017,SEP,9月,REPLAYS
2018,OCT,10月,REPLAYS
2019,NOV,11月,REPLAYS
2020,DEC,12月,REPLAYS
2050,0,,NUMBERS (REPLAY GUI)
2051,1,,NUMBERS (REPLAY GUI)
2052,2,,NUMBERS (REPLAY GUI)
2053,3,,NUMBERS (REPLAY GUI)
2054,4,,NUMBERS (REPLAY GUI)
2055,5,,NUMBERS (REPLAY GUI)
2056,6,,NUMBERS (REPLAY GUI)
2057,7,,NUMBERS (REPLAY GUI)
2058,8,,NUMBERS (REPLAY GUI)
2059,9,,NUMBERS (REPLAY GUI)
2060,:,,NUMBERS (REPLAY GUI)
2100,GAMEPLAY OPTIONS,游戏设置,GAMEPLAY OPTIONS
2101,DEFAULT P1:,默认P1：,GAMEPLAY OPTIONS
2102,DEFAULT CHARACTER:,默认人物,GAMEPLAY OPTIONS
2103,SHOW ITEM HINTS,显示物品信息,GAMEPLAY OPTIONS
2104,ALWAYS SHOW ITEM NAMES,始终显示物品名称,GAMEPLAY OPTIONS
2105,ALWAYS SHOW ENEMY HEARTS,始终显示怪物血量,GAMEPLAY OPTIONS
2106,QUICK LOBBY MOVEMENT,大厅快速移动,GAMEPLAY OPTIONS
2107,SHOW DIAMOND REMINDER,未使用钻石提醒,GAMEPLAY OPTIONS
2108,PAUSE WHEN MINIMIZED,最小化时暂停游戏,GAMEPLAY OPTIONS
2109,SHOW CUTSCENES,播放过场动画,GAMEPLAY OPTIONS
2110,SHOW BOSS INTROS,显示boss简介,GAMEPLAY OPTIONS
2111,DELETE ALL SAVE DATA,清除存档数据,GAMEPLAY OPTIONS
2112,DELETE ALL SAVED SETTINGS AND PROGRESS?,确定要清除存档？,GAMEPLAY OPTIONS
2113,(THIS CANNOT BE UNDONE),（恢复不了滴哦）,GAMEPLAY OPTIONS
2150,LANGUAGE OPTIONS,语音设置,ANGUAGE OPTIONS
2151,ENABLE SUBTITLES,开启字幕,ANGUAGE OPTIONS
2152,LANGUAGE: ,语言：,ANGUAGE OPTIONS
2200,SELECT A LEADERBOARD:,选择要查看的排行榜,LEADERBOARDS
2201,DAILY CHALLENGE,每日挑战,LEADERBOARDS
2202,"ALL ZONES, SCORE",全区域得分,LEADERBOARDS
2203,"ALL ZONES, SPEEDRUN",全区域竞速,LEADERBOARDS
2204,"SEEDED ALL ZONES, SCORE",使用种子的全区域得分,LEADERBOARDS
2205,"SEEDED ALL ZONES, SPEEDRUN",使用种子的全区域竞速,LEADERBOARDS
2206,DEATHLESS MODE,不朽模式,LEADERBOARDS
2207,STORY MODE,故事模式,LEADERBOARDS
2208,LEADERBOARDS,排行榜,LEADERBOARDS
2209,NEXT DAY,后一天,LEADERBOARDS
2210,PREVIOUS DAY,前一天,LEADERBOARDS
2211,NEXT PAGE,下一页,LEADERBOARDS
2212,PREVIOUS PAGE,上一页,LEADERBOARDS
2213,STEAM FRIENDS ONLY,STEAM好友,LEADERBOARDS
2214,NO,没有,LEADERBOARDS
2215,YES,有,LEADERBOARDS
2216,HAS REPLAY?,有回放？,LEADERBOARDS
2217,"NO, OLD VER",没有，旧版本,LEADERBOARDS
2218,NO PEEKING,隐私,LEADERBOARDS
2219,WATCH!,观看,LEADERBOARDS
2220,"ALL ZONES SEEDED SPEEDRUN,",使用种子的全区域竞速，,LEADERBOARDS
2221,"ALL ZONES MODE SPEEDRUN,",全区域竞速，,LEADERBOARDS
2222,"ALL ZONES SEEDED MODE,",种子模式，,LEADERBOARDS
2223,"ALL ZONES MODE,",全区域模式，,LEADERBOARDS
2224,Daily Challenge,每日挑战,LEADERBOARDS
2225,CO-OP,合作,LEADERBOARDS
2226,DEATHLESS,不死,LEADERBOARDS
2227,CUSTOM MUSIC,自定义音乐,LEADERBOARDS
2228,LOADING...,载入中…,LEADERBOARDS
2229,RANK,排名,LEADERBOARDS
2230,NAME,名字,LEADERBOARDS
2231,WINS,胜场,LEADERBOARDS
2232,SCORE,得分,LEADERBOARDS
2233,TIME,时间,LEADERBOARDS
2234,ZONE,区域,LEADERBOARDS
2235,LEVEL,关卡,LEADERBOARDS
2236,KILLED BY,击杀：,LEADERBOARDS
2237,UNKNOWN,未知,LEADERBOARDS
2238,WIN!,完成,LEADERBOARDS
2239,DONE,完成,LEADERBOARDS
2300,CUSTOM MUSIC,自定义音乐,CUSTOM MUSIC
2301,CHOOSE MUSIC,选择音乐,CUSTOM MUSIC
2302,RESTORE DEFAULT,恢复默认,CUSTOM MUSIC
2303,2X SPEED,x2速度,CUSTOM MUSIC
2304,1/2 SPEED,1/2速度,CUSTOM MUSIC
2305,BACK,返回,CUSTOM MUSIC
2306,MULTIPLE SONGS,,CUSTOM MUSIC
2307,MANUAL BEATS,手动设置拍子,CUSTOM MUSIC
2308,MANUAL BEATS (LOBBY ONLY),手动设置拍子（仅大厅）,CUSTOM MUSIC
2309,CUSTOM MUSIC: DISABLED,自定义音乐：禁用,CUSTOM MUSIC
2310,CUSTOM MUSIC: ENABLED,自定义音乐：启用,CUSTOM MUSIC
2311,Processing a song for the first time may take up to a minute,处理一首歌可能需要花费很长时间,CUSTOM MUSIC
2312,"PROCESSING, PLEASE WAIT...",处理中，请稍等…,CUSTOM MUSIC
2313,LEVEL,,CUSTOM MUSIC
2314,KING CONGA BOSS:,,CUSTOM MUSIC
2315,DEEP BLUES BOSS:,,CUSTOM MUSIC
2316,DEATH METAL BOSS:,,CUSTOM MUSIC
2317,CORAL RIFF BOSS:,,CUSTOM MUSIC
2318,LOBBY:,,CUSTOM MUSIC
2350,DEFAULT,,CUSTOM MUSIC
2351,UP ONE LEVEL,,CUSTOM MUSIC
2352,PREVIOUS PAGE,上一页,CUSTOM MUSIC
2353,NEXT PAGE,下一页,CUSTOM MUSIC
2354,ADD TO PLAYLIST,加入到播放列表,CUSTOM MUSIC
2400,AVAILABLE DUNGEONS,可用地下城,LOAD DUNGEON
2401,STEAM WORKSHOP,STEAMWORKSHOP,LOAD DUNGEON
2500,LEVEL:,关卡：,LEVEL EDITOR
2501,"USE THE ARROW KEYS TO MOVE AROUND,",使用 方向键 移动光标,LEVEL EDITOR
2502,"ENTER TO PLACE AN OBJECT, DEL TO ERASE, AND ESC TO RETURN",ENTER 放置， DEL 删除， ESC 取消,LEVEL EDITOR
2503,PRESS ENTER MULTIPLE TIMES TO TOGGLE OBJECT TYPES,按 ENTER 选择同一物品的不同形态,LEVEL EDITOR
2504,PUBLISHING...,上传中...,LEVEL EDITOR
2505,PUBLISH DUNGEON FAILED!,发布地下城失败！,LEVEL EDITOR
2506,DUNGEON PUBLISHED!,地下城已发布！,LEVEL EDITOR
2507,DUNGEON SAVED!,地下城已保存！,LEVEL EDITOR
2508,DUNGEON NAME:,,LEVEL EDITOR
2509,CHARACTER:,,LEVEL EDITOR
2510,ANY,,LEVEL EDITOR
2511, - NO ITEMS,,LEVEL EDITOR
2512,CURRENT LEVEL:,,LEVEL EDITOR
2513,ADD LEVEL,增加关卡,LEVEL EDITOR
2514,DELETE LEVEL,删除关卡,LEVEL EDITOR
2515,LEVEL GEN:,,LEVEL EDITOR
2516,GENERATE!,随机生成,LEVEL EDITOR
2517,MUSIC:,,LEVEL EDITOR
2518,VIEW LEVEL,自由观察,LEVEL EDITOR
2519,TEST LEVEL!,测试关卡,LEVEL EDITOR
2520,PLAY DUNGEON!,测试地下城,LEVEL EDITOR
2521,LOAD DUNGEON,载入地下城,LEVEL EDITOR
2522,PUBLISH DUNGEON,发布地下城,LEVEL EDITOR
2523,SAVE DUNGEON,保存地下城,LEVEL EDITOR
2524,SAVE AND EXIT,保存并退出,LEVEL EDITOR
2525,EXIT,退出,LEVEL EDITOR
2526,KING CONGA,金刚鼓王,LEVEL EDITOR
2527,DEATH METAL,死亡重金属,LEVEL EDITOR
2528,DEEP BLUES,深蓝象棋,LEVEL EDITOR
2529,CORAL RIFF,珊瑚乐团,LEVEL EDITOR
2530,PLACE FLOOR,放置 地板,LEVEL EDITOR
2531,PLACE WALL,放置 墙壁,LEVEL EDITOR
2532,PLACE ENEMY,放置 敌人,LEVEL EDITOR
2533,PLACE TRAP,放置 陷阱,LEVEL EDITOR
2534,PLACE SHRINE,放置 圣陵,LEVEL EDITOR
2535,PLACE ITEM,放置 物品,LEVEL EDITOR
2536,PLACE CHEST,放置 宝箱,LEVEL EDITOR
2537,PLACE CRATE/BARREL/URN,放置 箱子/桶/瓮,LEVEL EDITOR
2538,MOVE OBJECTS,移动 物体,LEVEL EDITOR
2539,ERASE OBJECTS/TILES,删除 物体,LEVEL EDITOR
2540,TILESET:,地图：,LEVEL EDITOR
2541,FLOOR,地面,LEVEL EDITOR
2542,SHOP FLOOR,商店地面,LEVEL EDITOR
2543,WATER,水,LEVEL EDITOR
2544,TAR,沥青,LEVEL EDITOR
2545,HOT COALS,热煤,LEVEL EDITOR
2546,ICE,冰,LEVEL EDITOR
2547,OOZE,软泥,LEVEL EDITOR
2548,STAIRS,楼梯,LEVEL EDITOR
2549,DIRT WALL,泥墙,LEVEL EDITOR
2550,BACK,返回,LEVEL EDITOR
2551,STONE WALL,石墙,LEVEL EDITOR
2552,CATACOMB WALL,墓墙,LEVEL EDITOR
2553,SHOP WALL,商店墙,LEVEL EDITOR
2554,UNBREAKABLE WALL,无法破坏的墙,LEVEL EDITOR
2555,DOOR,门,LEVEL EDITOR
2556,METAL DOOR,金属门,LEVEL EDITOR
2557,LOCKED DOOR,锁住的门,LEVEL EDITOR
2558,ZONE 1,区域1,LEVEL EDITOR
2559,ZONE 2,区域2,LEVEL EDITOR
2560,ZONE 3 HOT,区域3-炎热,LEVEL EDITOR
2561,ZONE 3 COLD,区域3-寒冷,LEVEL EDITOR
2562,ZONE 4,区域4,LEVEL EDITOR
2563,BOSS,BOSS,LEVEL EDITOR
2564,PREV PAGE,上一页,LEVEL EDITOR
2565,NEXT PAGE,下一页,LEVEL EDITOR
2566,BOUNCE TRAP,跳跃陷阱,LEVEL EDITOR
2567,SPIKE TRAP,钉刺陷阱,LEVEL EDITOR
2568,TRAPDOOR,陷门,LEVEL EDITOR
2569,CONFUSE TRAP,迷惑陷阱,LEVEL EDITOR
2570,TELEPORT TRAP,传送陷阱,LEVEL EDITOR
2571,TEMPO TRAP,变速陷阱,LEVEL EDITOR
2572,BOMB TRAP,炸弹陷阱,LEVEL EDITOR
2573,FIRE TRAP,火焰陷阱,LEVEL EDITOR
2574,TRAVEL RUNE,旅行符文,LEVEL EDITOR
2575,SHRINE OF BLOOD,鲜血圣陵,LEVEL EDITOR
2576,SHRINE OF DARKNESS,黑暗圣陵,LEVEL EDITOR
2577,SHRINE OF GLASS,玻璃圣陵,LEVEL EDITOR
2578,SHRINE OF PEACE,和平圣陵,LEVEL EDITOR
2579,SHRINE OF RHYTHM,节奏圣陵,LEVEL EDITOR
2580,SHRINE OF RISK,冒险圣陵,LEVEL EDITOR
2581,SHRINE OF SACRIFICE,献祭圣陵,LEVEL EDITOR
2582,SHRINE OF SPACE,空间圣陵,LEVEL EDITOR
2583,SHRINE OF WAR,战争圣陵,LEVEL EDITOR
2584,SHRINE OF NO RETURN,无悔圣陵,LEVEL EDITOR
2585,SHRINE OF PHASING,相位圣陵,LEVEL EDITOR
2586,SHRINE OF PACE,步调圣陵,LEVEL EDITOR
2587,SHRINE OF CHANCE,机遇圣陵,LEVEL EDITOR
2588,WEAPONS,武器,LEVEL EDITOR
2589,ARMOR,护甲,LEVEL EDITOR
2590,FOOTWEAR,鞋子,LEVEL EDITOR
2591,HEADGEAR,头盔,LEVEL EDITOR
2592,RINGS,戒指,LEVEL EDITOR
2593,SCROLLS,卷轴,LEVEL EDITOR
2594,OTHER ITEMS,其他,LEVEL EDITOR
2595,ENTER A DUNGEON NAME!,输入地下城的名称,LEVEL EDITOR
2596,EXIT WITHOUT SAVING?,不保存退出？,LEVEL EDITOR
2597,SAVE AND PUBLISH DUNGEON TO STEAM WORKSHOP?,保存并发布到STEAM workshop？,LEVEL EDITOR
2598,(SEE NECRODANCER.COM/WORKSHOP FOR DETAILS),（地下城制作FAQ请访问NECRODANCER.COM/WORKSHOP）,LEVEL EDITOR
2599,LOAD A NEW DUNGEON?,加载一个新的地下城？,LEVEL EDITOR
2600,(UNSAVED PROGRESS WILL BE LOST),（未保存的文件将会丢失）,LEVEL EDITOR
2601,REALLY DELETE CURRENT LEVEL?,确定要删除这个关卡？,LEVEL EDITOR
2602,GENERATE A LEVEL?,生成关卡？,LEVEL EDITOR
2603,(CURRENT LEVEL WILL BE LOST),（未保存的文件将会丢失）,LEVEL EDITOR
2604,ALREADY EXISTS.,已存在,LEVEL EDITOR
2605,OVERWRITE IT?,要覆盖现有的吗？,LEVEL EDITOR
3000,GREEN SLIME,绿史莱姆,ENEMY NAMES (TRAINING STAIRS)
3001,BLUE SLIME,蓝史莱姆,ENEMY NAMES (TRAINING STAIRS)
3002,ORANGE SLIME,橙史莱姆,ENEMY NAMES (TRAINING STAIRS)
3003,SKELETON,骷髅,ENEMY NAMES (TRAINING STAIRS)
3004,YELLOW SKELETON,黄骷髅,ENEMY NAMES (TRAINING STAIRS)
3005,BLACK SKELETON,黑骷髅,ENEMY NAMES (TRAINING STAIRS)
3006,BAT,蝙蝠,ENEMY NAMES (TRAINING STAIRS)
3007,RED BAT,红蝙蝠,ENEMY NAMES (TRAINING STAIRS)
3008,GREEN BAT,绿蝙蝠,ENEMY NAMES (TRAINING STAIRS)
3009,MONKEY,猴子,ENEMY NAMES (TRAINING STAIRS)
3010,WHITE MONKEY,白猴子,ENEMY NAMES (TRAINING STAIRS)
3011,GHOST,鬼魂,ENEMY NAMES (TRAINING STAIRS)
3012,ZOMBIE,僵尸,ENEMY NAMES (TRAINING STAIRS)
3013,WRAITH,亡灵,ENEMY NAMES (TRAINING STAIRS)
3014,CHEST MIMIC,宝箱怪,ENEMY NAMES (TRAINING STAIRS)
3015,ARMORED,NULL,ENEMY NAMES (TRAINING STAIRS)
3016,SKELETON,持盾骷髅,ENEMY NAMES (TRAINING STAIRS)
3017,YELLOW ARMORED,NULL,ENEMY NAMES (TRAINING STAIRS)
3018,SKELETON,黄色持盾骷髅,ENEMY NAMES (TRAINING STAIRS)
3019,BLACK ARMORED,NULL,ENEMY NAMES (TRAINING STAIRS)
3020,SKELETON,黑色持盾骷髅,ENEMY NAMES (TRAINING STAIRS)
3021,SKELETON MAGE,骷髅法师,ENEMY NAMES (TRAINING STAIRS)
3022,YELLOW,NULL,ENEMY NAMES (TRAINING STAIRS)
3023,SKELETON MAGE,黄色骷髅法师,ENEMY NAMES (TRAINING STAIRS)
3024,BLACK,NULL,ENEMY NAMES (TRAINING STAIRS)
3025,SKELETON MAGE,黑色骷髅法师,ENEMY NAMES (TRAINING STAIRS)
3026,MUSHROOM,蘑菇怪,ENEMY NAMES (TRAINING STAIRS)
3027,PURPLE,NULL,ENEMY NAMES (TRAINING STAIRS)
3028,MUSHROOM,紫色蘑菇怪,ENEMY NAMES (TRAINING STAIRS)
3029,GOLEM,石巨人,ENEMY NAMES (TRAINING STAIRS)
3030,DARK GOLEM,深色石巨人,ENEMY NAMES (TRAINING STAIRS)
3031,ARMADILLO,犰狳,ENEMY NAMES (TRAINING STAIRS)
3032,YELLOW ARMADILLO,黄色犰狳,ENEMY NAMES (TRAINING STAIRS)
3033,CLONE,克隆体,ENEMY NAMES (TRAINING STAIRS)
3034,TAR MONSTER,焦油怪,ENEMY NAMES (TRAINING STAIRS)
3035,MOLE,鼹鼠,ENEMY NAMES (TRAINING STAIRS)
3036,WIGHT,幽灵,ENEMY NAMES (TRAINING STAIRS)
3037,WALL MIMIC,假墙体,ENEMY NAMES (TRAINING STAIRS)
3038,FIRE SLIME,火焰史莱姆,ENEMY NAMES (TRAINING STAIRS)
3039,ICE SLIME,冰霜史莱姆,ENEMY NAMES (TRAINING STAIRS)
3040,SKELETON KNIGHT,骷髅骑士,ENEMY NAMES (TRAINING STAIRS)
3041,YELLOW,NULL,ENEMY NAMES (TRAINING STAIRS)
3042,SKELETON KNIGHT,黄色骷髅骑士,ENEMY NAMES (TRAINING STAIRS)
3043,BLACK,NULL,ENEMY NAMES (TRAINING STAIRS)
3044,SKELETON KNIGHT,黑色骷髅骑士,ENEMY NAMES (TRAINING STAIRS)
3045,FIRE ELEMENTAL,火元素,ENEMY NAMES (TRAINING STAIRS)
3046,ICE ELEMENTAL,冰元素,ENEMY NAMES (TRAINING STAIRS)
3047,GOBLIN,哥布林,ENEMY NAMES (TRAINING STAIRS)
3048,GRAY,NULL,ENEMY NAMES (TRAINING STAIRS)
3049,GOBLIN,灰色哥布林,ENEMY NAMES (TRAINING STAIRS)
3050,FIRE BEETLE,火甲虫,ENEMY NAMES (TRAINING STAIRS)
3051,ICE BEETLE,冰甲虫,ENEMY NAMES (TRAINING STAIRS)
3052,SHOVE MONSTER,推推怪,ENEMY NAMES (TRAINING STAIRS)
3053,GRAY,NULL,ENEMY NAMES (TRAINING STAIRS)
3054,SHOVE MONSTER,推推怪,ENEMY NAMES (TRAINING STAIRS)
3055,HELLHOUND,地狱犬,ENEMY NAMES (TRAINING STAIRS)
3056,YETI,冰风雪人,ENEMY NAMES (TRAINING STAIRS)
3057,GHAST,恶魂,ENEMY NAMES (TRAINING STAIRS)
3058,CAULDRON MIMIC,锅炉怪,ENEMY NAMES (TRAINING STAIRS)
3059,SARCOPHAGUS,石棺,ENEMY NAMES (TRAINING STAIRS)
3060,YELLOW,NULL,ENEMY NAMES (TRAINING STAIRS)
3061,SARCOPHAGUS,黄色石棺,ENEMY NAMES (TRAINING STAIRS)
3062,BLACK,NULL,ENEMY NAMES (TRAINING STAIRS)
3063,SARCOPHAGUS,黑色石棺,ENEMY NAMES (TRAINING STAIRS)
3064,LICH,巫妖,ENEMY NAMES (TRAINING STAIRS)
3065,RED LICH,红巫妖,ENEMY NAMES (TRAINING STAIRS)
3066,BLACK LICH,黑巫妖,ENEMY NAMES (TRAINING STAIRS)
3067,GREEN,NULL,ENEMY NAMES (TRAINING STAIRS)
3068,MONKEY,绿色猴子,ENEMY NAMES (TRAINING STAIRS)
3069,MAGIC,NULL,ENEMY NAMES (TRAINING STAIRS)
3070,MONKEY,魔法猴子,ENEMY NAMES (TRAINING STAIRS)
3071,WARLOCK,术士,ENEMY NAMES (TRAINING STAIRS)
3072,NEON WARLOCK,霓虹术士,ENEMY NAMES (TRAINING STAIRS)
3073,APPRENTICE,NULL,ENEMY NAMES (TRAINING STAIRS)
3074,BLADEMASTER,见习剑士,ENEMY NAMES (TRAINING STAIRS)
3075,BLADEMASTER,剑术大师,ENEMY NAMES (TRAINING STAIRS)
3076,HARPY,鹰身女妖,ENEMY NAMES (TRAINING STAIRS)
3077,GOBLIN,哥布林,ENEMY NAMES (TRAINING STAIRS)
3078,BOMBER,投弹手,ENEMY NAMES (TRAINING STAIRS)
3079,SPIDER,蜘蛛,ENEMY NAMES (TRAINING STAIRS)
3080,GOBLIN,NULL,ENEMY NAMES (TRAINING STAIRS)
3081,SENTRY,哥布林警卫,ENEMY NAMES (TRAINING STAIRS)
3082,OOZE GOLEM,软泥巨人,ENEMY NAMES (TRAINING STAIRS)
3083,BLACK BAT,黑色蝙蝠,ENEMY NAMES (TRAINING STAIRS)
3084,ORANGE,NULL,ENEMY NAMES (TRAINING STAIRS)
3085,ARMADILLO,橙色犰狳,ENEMY NAMES (TRAINING STAIRS)
3086,GHOUL,饿魂,ENEMY NAMES (TRAINING STAIRS)
3087,PIXIE,小精灵,ENEMY NAMES (TRAINING STAIRS)
3088,DIREBAT,恐怖巨蝠,ENEMY NAMES (TRAINING STAIRS)
3089,GRAY DIREBAT,灰色恐怖巨蝠,ENEMY NAMES (TRAINING STAIRS)
3090,GREEN DRAGON,绿龙,ENEMY NAMES (TRAINING STAIRS)
3091,RED DRAGON,红龙,ENEMY NAMES (TRAINING STAIRS)
3092,BLUE DRAGON,蓝龙,ENEMY NAMES (TRAINING STAIRS)
3093,BANSHEE,女妖,ENEMY NAMES (TRAINING STAIRS)
3094,GREEN,NULL,ENEMY NAMES (TRAINING STAIRS)
3095,BANSHEE,绿色女妖,ENEMY NAMES (TRAINING STAIRS)
3096,MINOTAUR,竖琴牛头怪,ENEMY NAMES (TRAINING STAIRS)
3097,GRAY MINOTAUR,灰色竖琴牛头怪,ENEMY NAMES (TRAINING STAIRS)
3098,NIGHTMARE,梦魇,ENEMY NAMES (TRAINING STAIRS)
3099,BLOOD NIGHTMARE,血之梦魇,ENEMY NAMES (TRAINING STAIRS)
3100,THE MOMMY,木乃伊母体,ENEMY NAMES (TRAINING STAIRS)
3101,OGRE,食人魔,ENEMY NAMES (TRAINING STAIRS)
3102,KING CONGA 1,金刚鼓王 1,ENEMY NAMES (TRAINING STAIRS)
3103,KING CONGA 2,金刚鼓王 2,ENEMY NAMES (TRAINING STAIRS)
3104,KING CONGA 3,金刚鼓王 3,ENEMY NAMES (TRAINING STAIRS)
3105,KING CONGA 4,金刚鼓王 4,ENEMY NAMES (TRAINING STAIRS)
3106,DEATH METAL 1,死亡金属 1,ENEMY NAMES (TRAINING STAIRS)
3107,DEATH METAL 2,死亡金属 2,ENEMY NAMES (TRAINING STAIRS)
3108,DEATH METAL 3,死亡金属 3,ENEMY NAMES (TRAINING STAIRS)
3109,DEATH METAL 4,死亡金属 4,ENEMY NAMES (TRAINING STAIRS)
3110,DEEP BLUES 1,深蓝象棋 1,ENEMY NAMES (TRAINING STAIRS)
3111,DEEP BLUES 2,深蓝象棋 2,ENEMY NAMES (TRAINING STAIRS)
3112,DEEP BLUES 3,深蓝象棋 3,ENEMY NAMES (TRAINING STAIRS)
3113,DEEP BLUES 4,深蓝象棋 4,ENEMY NAMES (TRAINING STAIRS)
3114,CORAL RIFF 1,珊瑚乐团 1,ENEMY NAMES (TRAINING STAIRS)
3115,CORAL RIFF 2,珊瑚乐团 2,ENEMY NAMES (TRAINING STAIRS)
3116,CORAL RIFF 3,珊瑚乐团 3,ENEMY NAMES (TRAINING STAIRS)
3117,CORAL RIFF 4,珊瑚乐团 4,ENEMY NAMES (TRAINING STAIRS)
3118,DEAD RINGER,死亡丧钟,ENEMY NAMES (TRAINING STAIRS)
3119,THE,NULL,ENEMY NAMES (TRAINING STAIRS)
3120,NECRODANCER,亡灵舞者,ENEMY NAMES (TRAINING STAIRS)
3121,THE,NULL,ENEMY NAMES (TRAINING STAIRS)
3122,NECRODANCER 2,亡灵舞者 2,ENEMY NAMES (TRAINING STAIRS)
3123,GOLDEN LUTE,黄金鲁特琴,ENEMY NAMES (TRAINING STAIRS)
4000,WHITE ARMADILLO,白色犰狳,ENEMY NAMES AND DAMAGE SOURCES (SMALL TEXT)
4001,YELLOW ARMADILLO,黄色犰狳,ENEMY NAMES AND DAMAGE SOURCES (SMALL TEXT)
4002,ORANGE ARMADILLO,橙色犰狳,ENEMY NAMES AND DAMAGE SOURCES (SMALL TEXT)
4003,WHITE ARMORED SKELETON,白色持盾骷髅,ENEMY NAMES AND DAMAGE SOURCES (SMALL TEXT)
4004,YELLOW ARMORED SKELETON,黄色持盾骷髅,ENEMY NAMES AND DAMAGE SOURCES (SMALL TEXT)
4005,BLACK ARMORED SKELETON,黑色持盾骷髅,ENEMY NAMES AND DAMAGE SOURCES (SMALL TEXT)
4006,BLUE BANSHEE,蓝色女妖,ENEMY NAMES AND DAMAGE SOURCES (SMALL TEXT)
4007,GREEN BANSHEE,绿色女妖,ENEMY NAMES AND DAMAGE SOURCES (SMALL TEXT)
4008,BLUE BAT,蓝蝙蝠,ENEMY NAMES AND DAMAGE SOURCES (SMALL TEXT)
4009,RED BAT,红蝙蝠,ENEMY NAMES AND DAMAGE SOURCES (SMALL TEXT)
4010,GREEN BAT,绿蝙蝠,ENEMY NAMES AND DAMAGE SOURCES (SMALL TEXT)
4011,BLACK BAT,黑色蝙蝠,ENEMY NAMES AND DAMAGE SOURCES (SMALL TEXT)
4012,YELLOW DIREBAT,黄色恐怖蝙蝠,ENEMY NAMES AND DAMAGE SOURCES (SMALL TEXT)
4013,BROWN DIREBAT,棕色恐怖蝙蝠,ENEMY NAMES AND DAMAGE SOURCES (SMALL TEXT)
4014,FIRE BEETLE,火甲虫,ENEMY NAMES AND DAMAGE SOURCES (SMALL TEXT)
4015,ICE BEETLE,冰甲虫,ENEMY NAMES AND DAMAGE SOURCES (SMALL TEXT)
4016,BISHOP,象,ENEMY NAMES AND DAMAGE SOURCES (SMALL TEXT)
4017,RED BISHOP,象(红方),ENEMY NAMES AND DAMAGE SOURCES (SMALL TEXT)
4018,APPRENTICE BLADEMASTER,见习剑士,ENEMY NAMES AND DAMAGE SOURCES (SMALL TEXT)
4019,BLADEMASTER,见习剑士,ENEMY NAMES AND DAMAGE SOURCES (SMALL TEXT)
4020,CLONE,克隆体,ENEMY NAMES AND DAMAGE SOURCES (SMALL TEXT)
4021,CORAL RIFF,珊瑚乐团,ENEMY NAMES AND DAMAGE SOURCES (SMALL TEXT)
4022,BARREL,桶,ENEMY NAMES AND DAMAGE SOURCES (SMALL TEXT)
4023,DEAD RINGER,死亡丧钟,ENEMY NAMES AND DAMAGE SOURCES (SMALL TEXT)
4024,DEATH METAL,死亡重金属,ENEMY NAMES AND DAMAGE SOURCES (SMALL TEXT)
4025,GREEN DRAGON,绿龙,ENEMY NAMES AND DAMAGE SOURCES (SMALL TEXT)
4026,RED DRAGON,红龙,ENEMY NAMES AND DAMAGE SOURCES (SMALL TEXT)
4027,BLUE DRAGON,蓝龙,ENEMY NAMES AND DAMAGE SOURCES (SMALL TEXT)
4028,WALL MIMIC,假墙体,ENEMY NAMES AND DAMAGE SOURCES (SMALL TEXT)
4029,FIRE ELEMENTAL,火元素,ENEMY NAMES AND DAMAGE SOURCES (SMALL TEXT)
4030,GARGOYLE,石像鬼,ENEMY NAMES AND DAMAGE SOURCES (SMALL TEXT)
4031,GHAST,恶魂,ENEMY NAMES AND DAMAGE SOURCES (SMALL TEXT)
4032,GHOST,鬼魂,ENEMY NAMES AND DAMAGE SOURCES (SMALL TEXT)
4033,GHOUL,饿魂,ENEMY NAMES AND DAMAGE SOURCES (SMALL TEXT)
4034,PURPLE GOBLIN,紫色哥布林,ENEMY NAMES AND DAMAGE SOURCES (SMALL TEXT)
4035,GRAY GOBLIN,灰色哥布林,ENEMY NAMES AND DAMAGE SOURCES (SMALL TEXT)
4036,GOBLIN BOMBER,哥布林投弹手,ENEMY NAMES AND DAMAGE SOURCES (SMALL TEXT)
4037,LIGHT GOLEM,浅色石巨人,ENEMY NAMES AND DAMAGE SOURCES (SMALL TEXT)
4038,DARK GOLEM,深色石巨人,ENEMY NAMES AND DAMAGE SOURCES (SMALL TEXT)
4039,OOZE GOLEM,软泥巨人,ENEMY NAMES AND DAMAGE SOURCES (SMALL TEXT)
4040,HARPY,鹰身女妖,ENEMY NAMES AND DAMAGE SOURCES (SMALL TEXT)
4041,HELLHOUND,地狱犬,ENEMY NAMES AND DAMAGE SOURCES (SMALL TEXT)
4042,ICE ELEMENTAL,冰元素,ENEMY NAMES AND DAMAGE SOURCES (SMALL TEXT)
4043,KING,国王,ENEMY NAMES AND DAMAGE SOURCES (SMALL TEXT)
4044,RED KING,国王(红方),ENEMY NAMES AND DAMAGE SOURCES (SMALL TEXT)
4045,KING CONGA,金刚鼓王,ENEMY NAMES AND DAMAGE SOURCES (SMALL TEXT)
4046,KNIGHT,马,ENEMY NAMES AND DAMAGE SOURCES (SMALL TEXT)
4047,RED KNIGHT,马(红方),ENEMY NAMES AND DAMAGE SOURCES (SMALL TEXT)
4048,LEPRECHAUN,妖精,ENEMY NAMES AND DAMAGE SOURCES (SMALL TEXT)
4049,LICH,巫妖,ENEMY NAMES AND DAMAGE SOURCES (SMALL TEXT)
4050,RED LICH,红巫妖,ENEMY NAMES AND DAMAGE SOURCES (SMALL TEXT)
4051,BLACK LICH,黑巫妖,ENEMY NAMES AND DAMAGE SOURCES (SMALL TEXT)
4052,THE GOLDEN LUTE,黄金鲁特琴,ENEMY NAMES AND DAMAGE SOURCES (SMALL TEXT)
4053,LIGHT MINOTAUR,浅色牛头怪,ENEMY NAMES AND DAMAGE SOURCES (SMALL TEXT)
4054,DARK MINOTAUR,深色牛头怪,ENEMY NAMES AND DAMAGE SOURCES (SMALL TEXT)
4055,MOLE,鼹鼠,ENEMY NAMES AND DAMAGE SOURCES (SMALL TEXT)
4056,PURPLE MONKEY,紫色猴子,ENEMY NAMES AND DAMAGE SOURCES (SMALL TEXT)
4057,WHITE MONKEY,白猴子,ENEMY NAMES AND DAMAGE SOURCES (SMALL TEXT)
4058,GREEN MONKEY,绿色猴子,ENEMY NAMES AND DAMAGE SOURCES (SMALL TEXT)
4059,MAGIC MONKEY,魔法猴子,ENEMY NAMES AND DAMAGE SOURCES (SMALL TEXT)
4060,THE MOMMY,木乃伊母体,ENEMY NAMES AND DAMAGE SOURCES (SMALL TEXT)
4061,MUMMY,木乃伊,ENEMY NAMES AND DAMAGE SOURCES (SMALL TEXT)
4062,BLUE MUSHROOM,蓝色蘑菇怪,ENEMY NAMES AND DAMAGE SOURCES (SMALL TEXT)
4063,PURPLE MUSHROOM,紫色蘑菇怪,ENEMY NAMES AND DAMAGE SOURCES (SMALL TEXT)
4064,EXPLODING MUSHROOM,爆炸蘑菇怪,ENEMY NAMES AND DAMAGE SOURCES (SMALL TEXT)
4065,THE NECRODANCER,亡灵舞者,ENEMY NAMES AND DAMAGE SOURCES (SMALL TEXT)
4066,DARK NIGHTMARE,黑暗梦魇,ENEMY NAMES AND DAMAGE SOURCES (SMALL TEXT)
4067,BLOOD NIGHTMARE,血之梦魇,ENEMY NAMES AND DAMAGE SOURCES (SMALL TEXT)
4068,OGRE,食人魔,ENEMY NAMES AND DAMAGE SOURCES (SMALL TEXT)
4069,PAWN,卒,ENEMY NAMES AND DAMAGE SOURCES (SMALL TEXT)
4070,RED PAWN,卒(红方),ENEMY NAMES AND DAMAGE SOURCES (SMALL TEXT)
4071,PIXIE,小精灵,ENEMY NAMES AND DAMAGE SOURCES (SMALL TEXT)
4072,QUEEN,王后,ENEMY NAMES AND DAMAGE SOURCES (SMALL TEXT)
4073,RED QUEEN,王后(红方),ENEMY NAMES AND DAMAGE SOURCES (SMALL TEXT)
4074,ROOK,车,ENEMY NAMES AND DAMAGE SOURCES (SMALL TEXT)
4075,RED ROOK,车(红方),ENEMY NAMES AND DAMAGE SOURCES (SMALL TEXT)
4076,SARCOPHAGUS,石棺,ENEMY NAMES AND DAMAGE SOURCES (SMALL TEXT)
4077,YELLOW SARCOPHAGUS,黄色石棺,ENEMY NAMES AND DAMAGE SOURCES (SMALL TEXT)
4078,BLACK SARCOPHAGUS,黑色石棺,ENEMY NAMES AND DAMAGE SOURCES (SMALL TEXT)
4079,SHOPKEEPER,商店老板,ENEMY NAMES AND DAMAGE SOURCES (SMALL TEXT)
4080,MONSTROUS SHOPKEEPER,畸形商店老板,ENEMY NAMES AND DAMAGE SOURCES (SMALL TEXT)
4081,SHOPKEEPER GHOST,商店老板幽灵,ENEMY NAMES AND DAMAGE SOURCES (SMALL TEXT)
4082,SHOVEMONSTER,推推怪,ENEMY NAMES AND DAMAGE SOURCES (SMALL TEXT)
4083,WHITE SKELETON,白骷髅,ENEMY NAMES AND DAMAGE SOURCES (SMALL TEXT)
4084,YELLOW SKELETON,黄骷髅,ENEMY NAMES AND DAMAGE SOURCES (SMALL TEXT)
4085,BLACK SKELETON,黑骷髅,ENEMY NAMES AND DAMAGE SOURCES (SMALL TEXT)
4086,WHITE SKELETON KNIGHT,白色骷髅骑士,ENEMY NAMES AND DAMAGE SOURCES (SMALL TEXT)
4087,YELLOW SKELETON KNIGHT,黄色骷髅骑士,ENEMY NAMES AND DAMAGE SOURCES (SMALL TEXT)
4088,BLACK SKELETON KNIGHT,黑色骷髅骑士,ENEMY NAMES AND DAMAGE SOURCES (SMALL TEXT)
4089,WHITE SKELETON MAGE,白色骷髅法师,ENEMY NAMES AND DAMAGE SOURCES (SMALL TEXT)
4090,YELLOW SKELETON MAGE,黄色骷髅法师,ENEMY NAMES AND DAMAGE SOURCES (SMALL TEXT)
4091,BLACK SKELETON MAGE,黑色骷髅法师,ENEMY NAMES AND DAMAGE SOURCES (SMALL TEXT)
4092,GOBLIN SENTRY,哥布林警卫,ENEMY NAMES AND DAMAGE SOURCES (SMALL TEXT)
4093,GREEN SLIME,绿史莱姆,ENEMY NAMES AND DAMAGE SOURCES (SMALL TEXT)
4094,BLUE SLIME,蓝史莱姆,ENEMY NAMES AND DAMAGE SOURCES (SMALL TEXT)
4095,ORANGE SLIME,橙史莱姆,ENEMY NAMES AND DAMAGE SOURCES (SMALL TEXT)
4096,ICE SLIME,冰霜史莱姆,ENEMY NAMES AND DAMAGE SOURCES (SMALL TEXT)
4097,FIRE SLIME,火焰史莱姆,ENEMY NAMES AND DAMAGE SOURCES (SMALL TEXT)
4098,SPIDER,蜘蛛,ENEMY NAMES AND DAMAGE SOURCES (SMALL TEXT)
4099,TARMONSTER,焦油怪,ENEMY NAMES AND DAMAGE SOURCES (SMALL TEXT)
4100,TENTACLE,触手怪,ENEMY NAMES AND DAMAGE SOURCES (SMALL TEXT)
4101,CHEST MIMIC,宝箱怪,ENEMY NAMES AND DAMAGE SOURCES (SMALL TEXT)
4102,LOCKED CHEST MIMIC,锁住的宝箱怪,ENEMY NAMES AND DAMAGE SOURCES (SMALL TEXT)
4103,WHITE CHEST MIMIC,白色宝箱怪,ENEMY NAMES AND DAMAGE SOURCES (SMALL TEXT)
4104,FIRE CAULDRON MIMIC,火焰锅炉怪,ENEMY NAMES AND DAMAGE SOURCES (SMALL TEXT)
4105,ICE CAULDRON MIMIC,冰霜锅炉怪,ENEMY NAMES AND DAMAGE SOURCES (SMALL TEXT)
4106,WARLOCK,术士,ENEMY NAMES AND DAMAGE SOURCES (SMALL TEXT)
4107,NEON WARLOCK,霓虹术士,ENEMY NAMES AND DAMAGE SOURCES (SMALL TEXT)
4108,WIGHT,幽灵,ENEMY NAMES AND DAMAGE SOURCES (SMALL TEXT)
4109,WRAITH,亡灵,ENEMY NAMES AND DAMAGE SOURCES (SMALL TEXT)
4110,YETI,冰风雪人,ENEMY NAMES AND DAMAGE SOURCES (SMALL TEXT)
4111,ZOMBIE,僵尸,ENEMY NAMES AND DAMAGE SOURCES (SMALL TEXT)
4112,CONGA LINE,,ENEMY NAMES AND DAMAGE SOURCES (SMALL TEXT)
4113,SPIKETRAP,刺针陷阱,ENEMY NAMES AND DAMAGE SOURCES (SMALL TEXT)
4114,BLOOD MAGIC,鲜血魔法,ENEMY NAMES AND DAMAGE SOURCES (SMALL TEXT)
4115,BLOOD SHOVEL,血铲,ENEMY NAMES AND DAMAGE SOURCES (SMALL TEXT)
4116,BLOOD DRUM,鲜血之鼓,ENEMY NAMES AND DAMAGE SOURCES (SMALL TEXT)
4117,BLOOD DEBT,血债,ENEMY NAMES AND DAMAGE SOURCES (SMALL TEXT)
4118,BOOTS OF PAIN,痛苦之靴,ENEMY NAMES AND DAMAGE SOURCES (SMALL TEXT)
4119,CROWNOFTHORNS,荆棘之冠,ENEMY NAMES AND DAMAGE SOURCES (SMALL TEXT)
4120,COWARDICE,胆小鬼,ENEMY NAMES AND DAMAGE SOURCES (SMALL TEXT)
4121,VOW OF POVERTY,贪婪,ENEMY NAMES AND DAMAGE SOURCES (SMALL TEXT)
4122,HOTCOAL,热煤,ENEMY NAMES AND DAMAGE SOURCES (SMALL TEXT)
4123,LAVA,熔岩,ENEMY NAMES AND DAMAGE SOURCES (SMALL TEXT)
4124,DORIAN'S CURSE,Dorian的诅咒,ENEMY NAMES AND DAMAGE SOURCES (SMALL TEXT)
4125,SHOVE,推推怪,ENEMY NAMES AND DAMAGE SOURCES (SMALL TEXT)
4126,CRYSTALTILE,水晶砖块,ENEMY NAMES AND DAMAGE SOURCES (SMALL TEXT)
4127,SHRINE OF PACE,步调圣陵,ENEMY NAMES AND DAMAGE SOURCES (SMALL TEXT)
4128,SHRINE OF NO RETURN,无悔圣陵,ENEMY NAMES AND DAMAGE SOURCES (SMALL TEXT)
4129,SHRINE OF RISK,冒险圣陵,ENEMY NAMES AND DAMAGE SOURCES (SMALL TEXT)
4130,TRAP WALLS,陷阱墙,ENEMY NAMES AND DAMAGE SOURCES (SMALL TEXT)
4131,BOMB,炸弹,ENEMY NAMES AND DAMAGE SOURCES (SMALL TEXT)
4132,MISSED BEAT,,ENEMY NAMES AND DAMAGE SOURCES (SMALL TEXT)
4133,GRAY SHOVEMONSTER,灰色推推怪,ENEMY NAMES AND DAMAGE SOURCES (SMALL TEXT)
4134,DEEP BLUES,深蓝象棋,ENEMY NAMES AND DAMAGE SOURCES (SMALL TEXT)
4135,FIREBALL,火球术,ENEMY NAMES AND DAMAGE SOURCES (SMALL TEXT)
6000,WHITE ARMADILLO,白色犰狳,ENEMY NAMES AND DAMAGE SOURCES (MEDIUM TEXT)
6001,YELLOW ARMADILLO,黄色犰狳,ENEMY NAMES AND DAMAGE SOURCES (MEDIUM TEXT)
6002,ORANGE ARMADILLO,橙色犰狳,ENEMY NAMES AND DAMAGE SOURCES (MEDIUM TEXT)
6003,WHITE ARMORED SKELETON,白色持盾骷髅,ENEMY NAMES AND DAMAGE SOURCES (MEDIUM TEXT)
6004,YELLOW ARMORED SKELETON,黄色持盾骷髅,ENEMY NAMES AND DAMAGE SOURCES (MEDIUM TEXT)
6005,BLACK ARMORED SKELETON,黑色持盾骷髅,ENEMY NAMES AND DAMAGE SOURCES (MEDIUM TEXT)
6006,BLUE BANSHEE,蓝色女妖,ENEMY NAMES AND DAMAGE SOURCES (MEDIUM TEXT)
6007,GREEN BANSHEE,绿色女妖,ENEMY NAMES AND DAMAGE SOURCES (MEDIUM TEXT)
6008,BLUE BAT,蓝蝙蝠,ENEMY NAMES AND DAMAGE SOURCES (MEDIUM TEXT)
6009,RED BAT,红蝙蝠,ENEMY NAMES AND DAMAGE SOURCES (MEDIUM TEXT)
6010,GREEN BAT,绿蝙蝠,ENEMY NAMES AND DAMAGE SOURCES (MEDIUM TEXT)
6011,BLACK BAT,黑色蝙蝠,ENEMY NAMES AND DAMAGE SOURCES (MEDIUM TEXT)
6012,YELLOW DIREBAT,黄色恐怖蝙蝠,ENEMY NAMES AND DAMAGE SOURCES (MEDIUM TEXT)
6013,BROWN DIREBAT,棕色恐怖蝙蝠,ENEMY NAMES AND DAMAGE SOURCES (MEDIUM TEXT)
6014,FIRE BEETLE,火甲虫,ENEMY NAMES AND DAMAGE SOURCES (MEDIUM TEXT)
6015,ICE BEETLE,冰甲虫,ENEMY NAMES AND DAMAGE SOURCES (MEDIUM TEXT)
6016,BISHOP,象,ENEMY NAMES AND DAMAGE SOURCES (MEDIUM TEXT)
6017,RED BISHOP,象(红方),ENEMY NAMES AND DAMAGE SOURCES (MEDIUM TEXT)
6018,APPRENTICE BLADEMASTER,见习剑士,ENEMY NAMES AND DAMAGE SOURCES (MEDIUM TEXT)
6019,BLADEMASTER,见习剑士,ENEMY NAMES AND DAMAGE SOURCES (MEDIUM TEXT)
6020,CLONE,克隆体,ENEMY NAMES AND DAMAGE SOURCES (MEDIUM TEXT)
6021,CORAL RIFF,珊瑚乐团,ENEMY NAMES AND DAMAGE SOURCES (MEDIUM TEXT)
6022,BARREL,桶,ENEMY NAMES AND DAMAGE SOURCES (MEDIUM TEXT)
6023,DEAD RINGER,死亡丧钟,ENEMY NAMES AND DAMAGE SOURCES (MEDIUM TEXT)
6024,DEATH METAL,死亡重金属,ENEMY NAMES AND DAMAGE SOURCES (MEDIUM TEXT)
6025,GREEN DRAGON,绿龙,ENEMY NAMES AND DAMAGE SOURCES (MEDIUM TEXT)
6026,RED DRAGON,红龙,ENEMY NAMES AND DAMAGE SOURCES (MEDIUM TEXT)
6027,BLUE DRAGON,蓝龙,ENEMY NAMES AND DAMAGE SOURCES (MEDIUM TEXT)
6028,WALL MIMIC,假墙体,ENEMY NAMES AND DAMAGE SOURCES (MEDIUM TEXT)
6029,FIRE ELEMENTAL,火元素,ENEMY NAMES AND DAMAGE SOURCES (MEDIUM TEXT)
6030,GARGOYLE,石像鬼,ENEMY NAMES AND DAMAGE SOURCES (MEDIUM TEXT)
6031,GHAST,恶魂,ENEMY NAMES AND DAMAGE SOURCES (MEDIUM TEXT)
6032,GHOST,鬼魂,ENEMY NAMES AND DAMAGE SOURCES (MEDIUM TEXT)
6033,GHOUL,饿魂,ENEMY NAMES AND DAMAGE SOURCES (MEDIUM TEXT)
6034,PURPLE GOBLIN,紫色哥布林,ENEMY NAMES AND DAMAGE SOURCES (MEDIUM TEXT)
6035,GRAY GOBLIN,灰色哥布林,ENEMY NAMES AND DAMAGE SOURCES (MEDIUM TEXT)
6036,GOBLIN BOMBER,投弹手,ENEMY NAMES AND DAMAGE SOURCES (MEDIUM TEXT)
6037,LIGHT GOLEM,浅色石巨人,ENEMY NAMES AND DAMAGE SOURCES (MEDIUM TEXT)
6038,DARK GOLEM,深色石巨人,ENEMY NAMES AND DAMAGE SOURCES (MEDIUM TEXT)
6039,OOZE GOLEM,软泥巨人,ENEMY NAMES AND DAMAGE SOURCES (MEDIUM TEXT)
6040,HARPY,鹰身女妖,ENEMY NAMES AND DAMAGE SOURCES (MEDIUM TEXT)
6041,HELLHOUND,地狱犬,ENEMY NAMES AND DAMAGE SOURCES (MEDIUM TEXT)
6042,ICE ELEMENTAL,冰元素,ENEMY NAMES AND DAMAGE SOURCES (MEDIUM TEXT)
6043,KING,国王,ENEMY NAMES AND DAMAGE SOURCES (MEDIUM TEXT)
6044,RED KING,国王(红方),ENEMY NAMES AND DAMAGE SOURCES (MEDIUM TEXT)
6045,KING CONGA,金刚鼓王,ENEMY NAMES AND DAMAGE SOURCES (MEDIUM TEXT)
6046,KNIGHT,马,ENEMY NAMES AND DAMAGE SOURCES (MEDIUM TEXT)
6047,RED KNIGHT,马(红方),ENEMY NAMES AND DAMAGE SOURCES (MEDIUM TEXT)
6048,LEPRECHAUN,妖精,ENEMY NAMES AND DAMAGE SOURCES (MEDIUM TEXT)
6049,LICH,巫妖,ENEMY NAMES AND DAMAGE SOURCES (MEDIUM TEXT)
6050,RED LICH,红巫妖,ENEMY NAMES AND DAMAGE SOURCES (MEDIUM TEXT)
6051,BLACK LICH,黑巫妖,ENEMY NAMES AND DAMAGE SOURCES (MEDIUM TEXT)
6052,THE GOLDEN LUTE,黄金鲁特琴,ENEMY NAMES AND DAMAGE SOURCES (MEDIUM TEXT)
6053,LIGHT MINOTAUR,浅色牛头怪,ENEMY NAMES AND DAMAGE SOURCES (MEDIUM TEXT)
6054,DARK MINOTAUR,深色牛头怪,ENEMY NAMES AND DAMAGE SOURCES (MEDIUM TEXT)
6055,MOLE,鼹鼠,ENEMY NAMES AND DAMAGE SOURCES (MEDIUM TEXT)
6056,PURPLE MONKEY,紫色猴子,ENEMY NAMES AND DAMAGE SOURCES (MEDIUM TEXT)
6057,WHITE MONKEY,白猴子,ENEMY NAMES AND DAMAGE SOURCES (MEDIUM TEXT)
6058,GREEN MONKEY,绿色猴子,ENEMY NAMES AND DAMAGE SOURCES (MEDIUM TEXT)
6059,MAGIC MONKEY,魔法猴子,ENEMY NAMES AND DAMAGE SOURCES (MEDIUM TEXT)
6060,THE MOMMY,木乃伊母体,ENEMY NAMES AND DAMAGE SOURCES (MEDIUM TEXT)
6061,MUMMY,木乃伊,ENEMY NAMES AND DAMAGE SOURCES (MEDIUM TEXT)
6062,BLUE MUSHROOM,蓝色蘑菇怪,ENEMY NAMES AND DAMAGE SOURCES (MEDIUM TEXT)
6063,PURPLE MUSHROOM,紫色蘑菇怪,ENEMY NAMES AND DAMAGE SOURCES (MEDIUM TEXT)
6064,EXPLODING MUSHROOM,爆炸蘑菇怪,ENEMY NAMES AND DAMAGE SOURCES (MEDIUM TEXT)
6065,THE NECRODANCER,亡灵舞者,ENEMY NAMES AND DAMAGE SOURCES (MEDIUM TEXT)
6066,DARK NIGHTMARE,黑暗梦魇,ENEMY NAMES AND DAMAGE SOURCES (MEDIUM TEXT)
6067,BLOOD NIGHTMARE,血之梦魇,ENEMY NAMES AND DAMAGE SOURCES (MEDIUM TEXT)
6068,OGRE,食人魔,ENEMY NAMES AND DAMAGE SOURCES (MEDIUM TEXT)
6069,PAWN,卒,ENEMY NAMES AND DAMAGE SOURCES (MEDIUM TEXT)
6070,RED PAWN,卒(红方),ENEMY NAMES AND DAMAGE SOURCES (MEDIUM TEXT)
6071,PIXIE,小精灵,ENEMY NAMES AND DAMAGE SOURCES (MEDIUM TEXT)
6072,QUEEN,王后,ENEMY NAMES AND DAMAGE SOURCES (MEDIUM TEXT)
6073,RED QUEEN,王后(红方),ENEMY NAMES AND DAMAGE SOURCES (MEDIUM TEXT)
6074,ROOK,车,ENEMY NAMES AND DAMAGE SOURCES (MEDIUM TEXT)
6075,RED ROOK,车(红方),ENEMY NAMES AND DAMAGE SOURCES (MEDIUM TEXT)
6076,SARCOPHAGUS,石棺,ENEMY NAMES AND DAMAGE SOURCES (MEDIUM TEXT)
6077,YELLOW SARCOPHAGUS,黄色石棺,ENEMY NAMES AND DAMAGE SOURCES (MEDIUM TEXT)
6078,BLACK SARCOPHAGUS,黑色石棺,ENEMY NAMES AND DAMAGE SOURCES (MEDIUM TEXT)
6079,SHOPKEEPER,商店老板,ENEMY NAMES AND DAMAGE SOURCES (MEDIUM TEXT)
6080,MONSTROUS SHOPKEEPER,畸形商店老板,ENEMY NAMES AND DAMAGE SOURCES (MEDIUM TEXT)
6081,SHOPKEEPER GHOST,商店老板幽灵,ENEMY NAMES AND DAMAGE SOURCES (MEDIUM TEXT)
6082,SHOVEMONSTER,推推怪,ENEMY NAMES AND DAMAGE SOURCES (MEDIUM TEXT)
6083,WHITE SKELETON,白骷髅,ENEMY NAMES AND DAMAGE SOURCES (MEDIUM TEXT)
6084,YELLOW SKELETON,黄骷髅,ENEMY NAMES AND DAMAGE SOURCES (MEDIUM TEXT)
6085,BLACK SKELETON,黑骷髅,ENEMY NAMES AND DAMAGE SOURCES (MEDIUM TEXT)
6086,WHITE SKELETON KNIGHT,白色骷髅骑士,ENEMY NAMES AND DAMAGE SOURCES (MEDIUM TEXT)
6087,YELLOW SKELETON KNIGHT,黄色骷髅骑士,ENEMY NAMES AND DAMAGE SOURCES (MEDIUM TEXT)
6088,BLACK SKELETON KNIGHT,黑色骷髅骑士,ENEMY NAMES AND DAMAGE SOURCES (MEDIUM TEXT)
6089,WHITE SKELETON MAGE,白色骷髅法师,ENEMY NAMES AND DAMAGE SOURCES (MEDIUM TEXT)
6090,YELLOW SKELETON MAGE,黄色骷髅法师,ENEMY NAMES AND DAMAGE SOURCES (MEDIUM TEXT)
6091,BLACK SKELETON MAGE,黑色骷髅法师,ENEMY NAMES AND DAMAGE SOURCES (MEDIUM TEXT)
6092,GOBLIN SENTRY,哥布林警卫,ENEMY NAMES AND DAMAGE SOURCES (MEDIUM TEXT)
6093,GREEN SLIME,绿史莱姆,ENEMY NAMES AND DAMAGE SOURCES (MEDIUM TEXT)
6094,BLUE SLIME,蓝史莱姆,ENEMY NAMES AND DAMAGE SOURCES (MEDIUM TEXT)
6095,ORANGE SLIME,橙史莱姆,ENEMY NAMES AND DAMAGE SOURCES (MEDIUM TEXT)
6096,ICE SLIME,冰霜史莱姆,ENEMY NAMES AND DAMAGE SOURCES (MEDIUM TEXT)
6097,FIRE SLIME,火焰史莱姆,ENEMY NAMES AND DAMAGE SOURCES (MEDIUM TEXT)
6098,SPIDER,蜘蛛,ENEMY NAMES AND DAMAGE SOURCES (MEDIUM TEXT)
6099,TARMONSTER,焦油怪,ENEMY NAMES AND DAMAGE SOURCES (MEDIUM TEXT)
6100,TENTACLE,触手怪,ENEMY NAMES AND DAMAGE SOURCES (MEDIUM TEXT)
6101,CHEST MIMIC,宝箱怪,ENEMY NAMES AND DAMAGE SOURCES (MEDIUM TEXT)
6102,LOCKED CHEST MIMIC,锁住的宝箱怪,ENEMY NAMES AND DAMAGE SOURCES (MEDIUM TEXT)
6103,WHITE CHEST MIMIC,白色宝箱怪,ENEMY NAMES AND DAMAGE SOURCES (MEDIUM TEXT)
6104,FIRE CAULDRON MIMIC,火焰锅炉怪,ENEMY NAMES AND DAMAGE SOURCES (MEDIUM TEXT)
6105,ICE CAULDRON MIMIC,冰霜锅炉怪,ENEMY NAMES AND DAMAGE SOURCES (MEDIUM TEXT)
6106,WARLOCK,术士,ENEMY NAMES AND DAMAGE SOURCES (MEDIUM TEXT)
6107,NEON WARLOCK,霓虹术士,ENEMY NAMES AND DAMAGE SOURCES (MEDIUM TEXT)
6108,WIGHT,幽灵,ENEMY NAMES AND DAMAGE SOURCES (MEDIUM TEXT)
6109,WRAITH,亡灵,ENEMY NAMES AND DAMAGE SOURCES (MEDIUM TEXT)
6110,YETI,冰风雪人,ENEMY NAMES AND DAMAGE SOURCES (MEDIUM TEXT)
6111,ZOMBIE,僵尸,ENEMY NAMES AND DAMAGE SOURCES (MEDIUM TEXT)
6112,CONGA LINE,,ENEMY NAMES AND DAMAGE SOURCES (MEDIUM TEXT)
6113,SPIKETRAP,刺针陷阱,ENEMY NAMES AND DAMAGE SOURCES (MEDIUM TEXT)
6114,BLOOD MAGIC,鲜血魔法,ENEMY NAMES AND DAMAGE SOURCES (MEDIUM TEXT)
6115,BLOOD SHOVEL,血铲,ENEMY NAMES AND DAMAGE SOURCES (MEDIUM TEXT)
6116,BLOOD DRUM,鲜血之鼓,ENEMY NAMES AND DAMAGE SOURCES (MEDIUM TEXT)
6117,BLOOD DEBT,血债,ENEMY NAMES AND DAMAGE SOURCES (MEDIUM TEXT)
6118,BOOTS OF PAIN,痛苦之靴,ENEMY NAMES AND DAMAGE SOURCES (MEDIUM TEXT)
6119,CROWNOFTHORNS,荆棘之冠,ENEMY NAMES AND DAMAGE SOURCES (MEDIUM TEXT)
6120,COWARDICE,胆小鬼,ENEMY NAMES AND DAMAGE SOURCES (MEDIUM TEXT)
6121,VOW OF POVERTY,贪婪,ENEMY NAMES AND DAMAGE SOURCES (MEDIUM TEXT)
6122,HOTCOAL,热煤,ENEMY NAMES AND DAMAGE SOURCES (MEDIUM TEXT)
6123,LAVA,熔岩,ENEMY NAMES AND DAMAGE SOURCES (MEDIUM TEXT)
6124,DORIAN'S CURSE,Dorian的诅咒,ENEMY NAMES AND DAMAGE SOURCES (MEDIUM TEXT)
6125,SHOVE,推推怪,ENEMY NAMES AND DAMAGE SOURCES (MEDIUM TEXT)
6126,CRYSTALTILE,水晶砖块,ENEMY NAMES AND DAMAGE SOURCES (MEDIUM TEXT)
6127,SHRINE OF PACE,步调圣陵,ENEMY NAMES AND DAMAGE SOURCES (MEDIUM TEXT)
6128,SHRINE OF NO RETURN,无悔圣陵,ENEMY NAMES AND DAMAGE SOURCES (MEDIUM TEXT)
6129,SHRINE OF RISK,冒险圣陵,ENEMY NAMES AND DAMAGE SOURCES (MEDIUM TEXT)
6130,TRAP WALLS,陷阱墙,ENEMY NAMES AND DAMAGE SOURCES (MEDIUM TEXT)
6131,BOMB,炸弹,ENEMY NAMES AND DAMAGE SOURCES (MEDIUM TEXT)
6132,MISSED BEAT,,ENEMY NAMES AND DAMAGE SOURCES (MEDIUM TEXT)
6133,GRAY SHOVEMONSTER,灰色推推怪,ENEMY NAMES AND DAMAGE SOURCES (MEDIUM TEXT)
6134,DEEP BLUES,深蓝象棋,ENEMY NAMES AND DAMAGE SOURCES (MEDIUM TEXT)
6135,FIREBALL,火球术,ENEMY NAMES AND DAMAGE SOURCES (MEDIUM TEXT)
5000,DEFAULT,,KEY NAMES
5001,(PRESS ANY KEY TO SET),,KEY NAMES
5002,NONE,,KEY NAMES
5003,BKSP,,KEY NAMES
5004,TAB,,KEY NAMES
5005,SHIFT,,KEY NAMES
5006,CTRL,,KEY NAMES
5007,CAPS,,KEY NAMES
5008,ESC,,KEY NAMES
5009,SPACE,,KEY NAMES
5010,PGUP,,KEY NAMES
5011,PGDN,,KEY NAMES
5012,END,,KEY NAMES
5013,HOME,,KEY NAMES
5014,LEFT,,KEY NAMES
5015,UP,,KEY NAMES
5016,RIGHT,,KEY NAMES
5017,DOWN,,KEY NAMES
5018,INS,,KEY NAMES
5019,DEL,,KEY NAMES
5020,NP 0,,KEY NAMES
5021,NP 1,,KEY NAMES
5022,NP 2,,KEY NAMES
5023,NP 3,,KEY NAMES
5024,NP 4,,KEY NAMES
5025,NP 5,,KEY NAMES
5026,NP 6,,KEY NAMES
5027,NP 7,,KEY NAMES
5028,NP 8,,KEY NAMES
5029,NP 9,,KEY NAMES
5030,NP TMS,,KEY NAMES
5031,NP +,,KEY NAMES
5032,NP /,,KEY NAMES
5033,NP -,,KEY NAMES
5034,NP .,,KEY NAMES
5035,NP DIV,,KEY NAMES
5036,F1,,KEY NAMES
5037,F2,,KEY NAMES
5038,F3,,KEY NAMES
5039,F4,,KEY NAMES
5040,F5,,KEY NAMES
5041,F6,,KEY NAMES
5042,F7,,KEY NAMES
5043,F8,,KEY NAMES
5044,F9,,KEY NAMES
5045,F10,,KEY NAMES
5046,F11,,KEY NAMES
5047,F12,,KEY NAMES
5048,TILDE,,KEY NAMES
5049,L BRACE,,KEY NAMES
5050,BKSLSH,,KEY NAMES
5051,R BRACE,,KEY NAMES
5052,STICK,,KEY NAMES
5053,RSTICK,,KEY NAMES
5054,DPAD,,KEY NAMES
5055,DOWN,,KEY NAMES
5056,UP,,KEY NAMES
5057,LEFT,,KEY NAMES
5058,RIGHT,,KEY NAMES
5059,STICK DOWN,,KEY NAMES
5060,STICK UP,,KEY NAMES
5061,STICK LEFT,,KEY NAMES
5062,STICK RIGHT,,KEY NAMES
5063,R STICK DOWN,,KEY NAMES
5064,R STICK UP,,KEY NAMES
5065,R STICK LEFT,,KEY NAMES
5066,R STICK RIGHT,,KEY NAMES
5067,DPAD DOWN,,KEY NAMES
5068,DPAD UP,,KEY NAMES
5069,DPAD LEFT,,KEY NAMES
5070,DPAD RIGHT,,KEY NAMES
5071,A BTN,,KEY NAMES
5072,Y BTN,,KEY NAMES
5073,X BTN,,KEY NAMES
5074,B BTN,,KEY NAMES
5075,START,,KEY NAMES
5076,BACK,,KEY NAMES
5077,LB,,KEY NAMES
5078,RB,,KEY NAMES
5079,LT,,KEY NAMES
5080,RT,,KEY NAMES
5081,L3,,KEY NAMES
5082,R3,,KEY NAMES
5083,X,,KEY NAMES
5084,TRIANGLE,,KEY NAMES
5085,SQUARE,,KEY NAMES
5086,CIRCLE,,KEY NAMES
5087,START,,KEY NAMES
5088,SELECT,,KEY NAMES
5089,L1,,KEY NAMES
5090,R1,,KEY NAMES
5091,L2,,KEY NAMES
5092,R2,,KEY NAMES
5093,JOY1 BUTTON,,KEY NAMES
5094,JOY2 BUTTON,,KEY NAMES
5095,JOY3 BUTTON,,KEY NAMES
5096,JOY4 BUTTON,,KEY NAMES
5097,KEY,,KEY NAMES
5098,UP + DOWN,,KEY NAMES
5099,LEFT +,,KEY NAMES
5100,RIGHT,,KEY NAMES
5101,UP +,,KEY NAMES
5102,DOWN,,KEY NAMES
5103,LEFT,,KEY NAMES
5104,DOWN +,,KEY NAMES
5203,BKSP,,KEY NAMES (LARGER FONT)
5204,TAB,,KEY NAMES (LARGER FONT)
5205,SHIFT,,KEY NAMES (LARGER FONT)
5206,CTRL,,KEY NAMES (LARGER FONT)
5207,CAPS,,KEY NAMES (LARGER FONT)
5208,ESC,,KEY NAMES (LARGER FONT)
5209,SPACE,,KEY NAMES (LARGER FONT)
5210,PGUP,,KEY NAMES (LARGER FONT)
5211,PGDN,,KEY NAMES (LARGER FONT)
5212,END,,KEY NAMES (LARGER FONT)
5213,HOME,,KEY NAMES (LARGER FONT)
5214,LEFT,,KEY NAMES (LARGER FONT)
5215,UP,,KEY NAMES (LARGER FONT)
5216,RIGHT,,KEY NAMES (LARGER FONT)
5217,DOWN,,KEY NAMES (LARGER FONT)
5218,INS,,KEY NAMES (LARGER FONT)
5219,DEL,,KEY NAMES (LARGER FONT)
5220,NP 0,,KEY NAMES (LARGER FONT)
5221,NP 1,,KEY NAMES (LARGER FONT)
5222,NP 2,,KEY NAMES (LARGER FONT)
5223,NP 3,,KEY NAMES (LARGER FONT)
5224,NP 4,,KEY NAMES (LARGER FONT)
5225,NP 5,,KEY NAMES (LARGER FONT)
5226,NP 6,,KEY NAMES (LARGER FONT)
5227,NP 7,,KEY NAMES (LARGER FONT)
5228,NP 8,,KEY NAMES (LARGER FONT)
5229,NP 9,,KEY NAMES (LARGER FONT)
5230,NP TMS,,KEY NAMES (LARGER FONT)
5231,NP +,,KEY NAMES (LARGER FONT)
5232,NP /,,KEY NAMES (LARGER FONT)
5233,NP -,,KEY NAMES (LARGER FONT)
5234,NP .,,KEY NAMES (LARGER FONT)
5235,NP DIV,,KEY NAMES (LARGER FONT)
5236,F1,,KEY NAMES (LARGER FONT)
5237,F2,,KEY NAMES (LARGER FONT)
5238,F3,,KEY NAMES (LARGER FONT)
5239,F4,,KEY NAMES (LARGER FONT)
5240,F5,,KEY NAMES (LARGER FONT)
5241,F6,,KEY NAMES (LARGER FONT)
5242,F7,,KEY NAMES (LARGER FONT)
5243,F8,,KEY NAMES (LARGER FONT)
5244,F9,,KEY NAMES (LARGER FONT)
5245,F10,,KEY NAMES (LARGER FONT)
5246,F11,,KEY NAMES (LARGER FONT)
5247,F12,,KEY NAMES (LARGER FONT)
5248,TILDE,,KEY NAMES (LARGER FONT)
5249,L BRACE,,KEY NAMES (LARGER FONT)
5250,BKSLSH,,KEY NAMES (LARGER FONT)
5251,R BRACE,,KEY NAMES (LARGER FONT)
5252,STICK,,KEY NAMES (LARGER FONT)
5253,RSTICK,,KEY NAMES (LARGER FONT)
5254,DPAD,,KEY NAMES (LARGER FONT)
5255,DOWN,,KEY NAMES (LARGER FONT)
5256,UP,,KEY NAMES (LARGER FONT)
5257,LEFT,,KEY NAMES (LARGER FONT)
5258,RIGHT,,KEY NAMES (LARGER FONT)
5259,STICK DOWN,,KEY NAMES (LARGER FONT)
5260,STICK UP,,KEY NAMES (LARGER FONT)
5261,STICK LEFT,,KEY NAMES (LARGER FONT)
5262,STICK RIGHT,,KEY NAMES (LARGER FONT)
5263,R STICK DOWN,,KEY NAMES (LARGER FONT)
5264,R STICK UP,,KEY NAMES (LARGER FONT)
5265,R STICK LEFT,,KEY NAMES (LARGER FONT)
5266,R STICK RIGHT,,KEY NAMES (LARGER FONT)
5267,DPAD DOWN,,KEY NAMES (LARGER FONT)
5268,DPAD UP,,KEY NAMES (LARGER FONT)
5269,DPAD LEFT,,KEY NAMES (LARGER FONT)
5270,DPAD RIGHT,,KEY NAMES (LARGER FONT)
5271,A BTN,,KEY NAMES (LARGER FONT)
5272,Y BTN,,KEY NAMES (LARGER FONT)
5273,X BTN,,KEY NAMES (LARGER FONT)
5274,B BTN,,KEY NAMES (LARGER FONT)
5275,START,,KEY NAMES (LARGER FONT)
5276,BACK,,KEY NAMES (LARGER FONT)
5277,LB,,KEY NAMES (LARGER FONT)
5278,RB,,KEY NAMES (LARGER FONT)
5279,LT,,KEY NAMES (LARGER FONT)
5280,RT,,KEY NAMES (LARGER FONT)
5281,L3,,KEY NAMES (LARGER FONT)
5282,R3,,KEY NAMES (LARGER FONT)
5283,X,,KEY NAMES (LARGER FONT)
5284,TRIANGLE,,KEY NAMES (LARGER FONT)
5285,SQUARE,,KEY NAMES (LARGER FONT)
5286,CIRCLE,,KEY NAMES (LARGER FONT)
5287,START,,KEY NAMES (LARGER FONT)
5288,SELECT,,KEY NAMES (LARGER FONT)
5289,L1,,KEY NAMES (LARGER FONT)
5290,R1,,KEY NAMES (LARGER FONT)
5291,L2,,KEY NAMES (LARGER FONT)
5292,R2,,KEY NAMES (LARGER FONT)
5293,JOY1 BUTTON,,KEY NAMES (LARGER FONT)
5294,JOY2 BUTTON,,KEY NAMES (LARGER FONT)
5295,JOY3 BUTTON,,KEY NAMES (LARGER FONT)
5296,JOY4 BUTTON,,KEY NAMES (LARGER FONT)
5297,KEY,,KEY NAMES (LARGER FONT)
5298,UP + DOWN,,KEY NAMES (LARGER FONT)
TEMP_conga_line,"WARING!CONGA LINE
IN PROGESS!",,TEXT
TEMP_hephaestus,HEPHAESTUS,赫菲斯托斯,TEXT
TEMP_merlin,MERLIN,梅林,TEXT
TEMP_missed,missed!,,TEXT
TEMP_musical_note,?,,TEXT
TEMP_need_key,NEED KEY!,需要钥匙,TEXT
TEMP_new,NEW!,,TEXT
TEMP_permanent,I SELL PERMANENT UPGRADES!,我出售的都是永久性升级,TEXT
TEMP_question_mark,?,,TEXT
TEMP_reloading,RELOADING!,重载中！,TEXT
TEMP_tutorial1,"BRIEF TUTORIAL!
(PRESS 'P' TO SKIP)","教程
（按 P 跳过）",TEXT
TEMP_tutorial2,"PRESS AN ARROW KEY
ON THE BEAT TO MOVE",伴着节拍按下方向键来移动,TEXT
aria0_1,"I came back to destroy the Lute. I revived the NecroDancer to seek answers, but he betrayed me",,SUBTITLES
aria0_2,You left us. You never came back!,,SUBTITLES
aria0_3,"I did what I thought I had to, but I failed.",,SUBTITLES
aria0_4,I blamed you for so long... but I understand now. This thing must be destroyed.,,SUBTITLES
aria0_5,That's right. And only I know how to do it.,,SUBTITLES
aria1_1,"Before he betrayed me, he told me the location of the shrine.",,SUBTITLES
aria1_2,No doubt just to buy himself more time.Let's end this.,,SUBTITLES
aria2_1,"Octavian was once a bard, struggling to be noticed.",,SUBTITLES
aria2_2,On his travels he stumbled upon the solution to his troubles.,,SUBTITLES
aria3_1,"Centuries ago, Octavian fled to the crypt and amassed an undead army.",,SUBTITLES
aria3_2,"But the first time I found the crypt, there were no monsters.",,SUBTITLES
aria3_3,"After hundreds of years without sleep, the bard had grown weary.",,SUBTITLES
aria3_4,"He stopped playing, and so he died.The Lute was lost to legend.",,SUBTITLES
aria4_1,"When I came back, I raised him.",,SUBTITLES
aria4_2,"Octavian, I know who you are. We need to destroy this lute. It was not meant for mortal hands!",,SUBTITLES
aria4_3,You're right. I will sacrifice myself to destroy it.,,SUBTITLES
aria4_4,I can't trust anyone else with this.,,SUBTITLES
aria4_5,I have already been cursed. Let me atone for what I have done.,,SUBTITLES
aria4_6,I was a fool.,,SUBTITLES
aria5_1,Finally I've made amends.,,SUBTITLES
aria5_2,"Everything comes to an end, my daughter. But for you and your family, not today.",,SUBTITLES
cadence0_1,They told me I was too young.,他们说我还太年轻。,SUBTITLES
cadence0_2,They told me I needed more training.,他们说我还需要锻炼。,SUBTITLES
cadence0_3,I told them to drop dead!,我告诉他们下地狱吧！,SUBTITLES
cadence0_4,How ironic…,太讽刺了…,SUBTITLES
cadence0_5,I don't know how I survived that fall... something strange must have happened.,我不知道我掉下来之后是怎么活下来的…但肯定发生了一些奇怪的事情。,SUBTITLES
cadence0_6,"My pulse is beating like a drum, but my blood is running cold.",我的身体如火般跳动但是我的血液却逐渐变冷。,SUBTITLES
cadence0_7,"I'm not sure what's going on, but I came here with a question.",我不明白接下来将会发生什么，但是我带着我的问题而来。,SUBTITLES
cadence0_8,And I'm going to find the answer if it kills me.,就算因此而死，我也要找到我的答案。,SUBTITLES
cadence1_1,Dad was always coming and going on his adventures. But this time he seemed more excited.,父亲总是来往于他的探险旅途中，但这一次他看起来特别兴奋。,SUBTITLES
cadence1_2,"He said he'd found it, some great treasure.",他说他已经找到了，一些很棒的宝藏。,SUBTITLES
cadence1_3,"When I was older, I found the notes he left behind. Directions to a graveyard.",当我长大之后，我找到了他留下来的那些笔记。是关于一个墓地的路线记载。,SUBTITLES
cadence1_4,"Uncle Eli tried to stop me, but Dad had been gone for two years. I had to find him.",伯父Eli尝试着阻止我，但是父亲已经为此离开了两年了。我必须去找他。,SUBTITLES
cadence2_1,Mom died when I was only seven. I heard Dad and Uncle Eli arguing after the funeral.,母亲在我7岁时就去世了。我听到父亲与伯父在母亲的葬礼上争吵。,SUBTITLES
cadence2_2,"Now I have no choice, Eli. I have to find the Golden Lute.",现在我别无选择了，Eli。我必须得去找到那把金鲁特琴。,SUBTITLES
cadence2_3,And abandon your child?,然后丢下你的孩子不管？,SUBTITLES
cadence2_4,"With these notes, it shouldn't take long to find…",有了这些记载上的东西，应该不会需要太长时间的…,SUBTITLES
cadence2_5,What was so important about golden loot?,为什么“金路特勤”看上去这么重要？,SUBTITLES
cadence3_1,We were so happy together. Until my mother got sick…,我们在一起生活的非常幸福快乐，直到我的母亲患病之后…,SUBTITLES
cadence3_2,"I just wanna help you, Melody. Can't you see that?",我只是想帮你治好你的病，Melody。你知道吗？,SUBTITLES
cadence3_3,"There's a reason my mother took that thing away, Dorian. Don't go!",这就是为什么我母亲带着那把琴离开了，Dorian。别去！,SUBTITLES
cadence3_4,"I have to find it, I... I have to risk it.",我必须找到它，我…我必须去冒这个险。,SUBTITLES
cadence4_1,Dad?!?!,父亲？！,SUBTITLES
cadence4_2,"Cadence, I'm sorry! I was under his spell…",我很抱歉…我被法术迷惑了！,SUBTITLES
cadence4_3,Leaving so soon? I guess you don't have the HEART to face me!,不久后就能离开这？我想你们根本就没有信心来面对我！,SUBTITLES
cadence4_4,"I think I know how to defeat him, Cadence. But we'll have to work together. Follow my lead.",我觉得我知道应该如何击败他，Cadence。但是我们必须同心协力。来，听我指挥。,SUBTITLES
cadence5_1,All along it was a golden lute you were after. But why?,,SUBTITLES
cadence5_2,You're about to find out.,,SUBTITLES
melody0_1,They brought me back using the power of the Golden Lute.,,SUBTITLES
melody0_2,But we soon discovered that the Lute has its restrictions.,,SUBTITLES
melody0_3,"To stay alive, we must keep playing.",,SUBTITLES
melody0_4,"And the longer we play, the more it robs us of our humanity.",,SUBTITLES
melody0_5,But I know something about the crypt that they don't. And now I need answers.,,SUBTITLES
melody1_1,It was the same plague that had come through our village when I was a child.,,SUBTITLES
melody1_2,Dorian knew the stories.,,SUBTITLES
melody1_3,I just need to find the Golden Lute. I can save you!,,SUBTITLES
melody1_4,"I could see the greed in his eyes, behind the desperation. It was just like before…",,SUBTITLES
melody2_1,"My mother left us to get rid of the Lute, just like she left us to find it.",,SUBTITLES
melody2_2,"And now I've inherited her burden, but I'll be damned if I'm going to pass it on to my daughter.",,SUBTITLES
melody3_1,The plague had been through the village when I was young. Mom healed the people who were dying.,,SUBTITLES
melody3_2,But they turned against her. They wanted the power of the Lute for themselves.,,SUBTITLES
melody3_3,It's not the Lute that's cursed. It's us.,,SUBTITLES
melody4_1,"You're Octavian, aren't you? The bard who sought immortality long ago.",,SUBTITLES
melody4_2,"I am, and who are you... besides a thief?",,SUBTITLES
melody4_3,"I am Melody, a bard as you once were. I seek to destroy this accursed lute.",,SUBTITLES
melody4_4,You want to destroy it?! The Lute is MINE!,,SUBTITLES
melody4_5,"But I have the Lute, Octavian, and if I stop playing, we'll both die.",,SUBTITLES
melody4_6,Tell me everything you know.,,SUBTITLES
melody4_7,I... WILL... NOT!!!!,,SUBTITLES
melody5_1,Stop! Get away from me!,,SUBTITLES
melody5_2,What?!,,SUBTITLES
melody5_3,Mother!! Is that you?!,,SUBTITLES
necrodancer1,Curse you!,,SUBTITLES
necrodancer2,Give me that lute!,,SUBTITLES
necrodancer3,The lute is mine!,,SUBTITLES
necrodancer4,"Try again! Try again, my pets… I find this most amusing.",,SUBTITLES
necrodancer5,Try again. Ifind this most amusing!,,SUBTITLES
tutorial1,"If I'm gonna survive this, I'll have to remember what eli taught me",,SUBTITLES
tutorial2,"Every opponent was a predictable pattern, he daid. Lean that pattern and you won't suffer so much as a scratch.",,SUBTITLES
tutorial3,"That green guy didn't move al all, and this blue one jus moves up and then down so if I attack him from the side, I'll never get hurt.",,SUBTITLES
tutorial4,"Abroadsword! Not as sharp as I'm used to, but I bet it can still take out 3 enemies in one shot.",,SUBTITLES
tutorial5,"Looks like those skeletons put their hands in the air when they're about to jump. If I'm in the waywhen they move ,it's gonna hurt.",,SUBTITLES
tutorial6,"That trap is mostly harmless, but eli warned me of deadlier traps to come.",,SUBTITLES
